gender,age_from,age_to,family,cnt,age,nrep,agegroup,deathrate,contacts_mean,family_factor,portion
f,0,0,geschieden,0.0,0,1,0,0.0031,10.21,0,0.0
f,0,0,geschieden_lp,0.0,0,1,0,0.0031,10.21,0,0.0
f,0,0,ledig,381896.0,0,1,0,0.0031,10.21,0,0.0046000917883912
f,0,0,verheiratet,0.0,0,1,0,0.0031,10.21,1,0.0
f,0,0,verheiratet_lp,0.0,0,1,0,0.0031,10.21,0,0.0
f,0,0,verwitwet,0.0,0,1,0,0.0031,10.21,0,0.0
f,0,0,verwitwet_lp,0.0,0,1,0,0.0031,10.21,0,0.0
f,1,1,geschieden,0.0,1,1,0,0.0002,10.21,0,0.0
f,1,1,geschieden_lp,0.0,1,1,0,0.0002,10.21,0,0.0
f,1,1,ledig,388013.0,1,1,0,0.0002,10.21,0,0.004673773527580898
f,1,1,verheiratet,0.0,1,1,0,0.0002,10.21,1,0.0
f,1,1,verheiratet_lp,0.0,1,1,0,0.0002,10.21,0,0.0
f,1,1,verwitwet,0.0,1,1,0,0.0002,10.21,0,0.0
f,1,1,verwitwet_lp,0.0,1,1,0,0.0002,10.21,0,0.0
f,2,2,geschieden,0.0,2,1,0,0.0001,10.21,0,0.0
f,2,2,geschieden_lp,0.0,2,1,0,0.0001,10.21,0,0.0
f,2,2,ledig,391673.0,2,1,0,0.0001,10.21,0,0.004717859707969046
f,2,2,verheiratet,0.0,2,1,0,0.0001,10.21,1,0.0
f,2,2,verheiratet_lp,0.0,2,1,0,0.0001,10.21,0,0.0
f,2,2,verwitwet,0.0,2,1,0,0.0001,10.21,0,0.0
f,2,2,verwitwet_lp,0.0,2,1,0,0.0001,10.21,0,0.0
f,3,3,geschieden,0.0,3,1,0,0.0001,10.21,0,0.0
f,3,3,geschieden_lp,0.0,3,1,0,0.0001,10.21,0,0.0
f,3,3,ledig,377820.0,3,1,0,0.0001,10.21,0,0.004550994719740357
f,3,3,verheiratet,0.0,3,1,0,0.0001,10.21,1,0.0
f,3,3,verheiratet_lp,0.0,3,1,0,0.0001,10.21,0,0.0
f,3,3,verwitwet,0.0,3,1,0,0.0001,10.21,0,0.0
f,3,3,verwitwet_lp,0.0,3,1,0,0.0001,10.21,0,0.0
f,4,4,geschieden,0.0,4,1,0,0.0001,10.21,0,0.0
f,4,4,geschieden_lp,0.0,4,1,0,0.0001,10.21,0,0.0
f,4,4,ledig,372898.0,4,1,0,0.0001,10.21,0,0.0044917072389014335
f,4,4,verheiratet,0.0,4,1,0,0.0001,10.21,1,0.0
f,4,4,verheiratet_lp,0.0,4,1,0,0.0001,10.21,0,0.0
f,4,4,verwitwet,0.0,4,1,0,0.0001,10.21,0,0.0
f,4,4,verwitwet_lp,0.0,4,1,0,0.0001,10.21,0,0.0
f,5,5,geschieden,0.0,5,1,5,0.0001,14.81,0,0.0
f,5,5,geschieden_lp,0.0,5,1,5,0.0001,14.81,0,0.0
f,5,5,ledig,359630.0,5,1,5,0.0001,14.81,0,0.004331888812292162
f,5,5,verheiratet,0.0,5,1,5,0.0001,14.81,1,0.0
f,5,5,verheiratet_lp,0.0,5,1,5,0.0001,14.81,0,0.0
f,5,5,verwitwet,0.0,5,1,5,0.0001,14.81,0,0.0
f,5,5,verwitwet_lp,0.0,5,1,5,0.0001,14.81,0,0.0
f,6,6,geschieden,0.0,6,1,5,0.0001,14.81,0,0.0
f,6,6,geschieden_lp,0.0,6,1,5,0.0001,14.81,0,0.0
f,6,6,ledig,357868.0,6,1,5,0.0001,14.81,0,0.004310664809602568
f,6,6,verheiratet,0.0,6,1,5,0.0001,14.81,1,0.0
f,6,6,verheiratet_lp,0.0,6,1,5,0.0001,14.81,0,0.0
f,6,6,verwitwet,0.0,6,1,5,0.0001,14.81,0,0.0
f,6,6,verwitwet_lp,0.0,6,1,5,0.0001,14.81,0,0.0
f,7,7,geschieden,0.0,7,1,5,0.0,14.81,0,0.0
f,7,7,geschieden_lp,0.0,7,1,5,0.0,14.81,0,0.0
f,7,7,ledig,350421.0,7,1,5,0.0,14.81,0,0.004220962682457614
f,7,7,verheiratet,0.0,7,1,5,0.0,14.81,1,0.0
f,7,7,verheiratet_lp,0.0,7,1,5,0.0,14.81,0,0.0
f,7,7,verwitwet,0.0,7,1,5,0.0,14.81,0,0.0
f,7,7,verwitwet_lp,0.0,7,1,5,0.0,14.81,0,0.0
f,8,8,geschieden,0.0,8,1,5,0.0001,14.81,0,0.0
f,8,8,geschieden_lp,0.0,8,1,5,0.0001,14.81,0,0.0
f,8,8,ledig,359122.0,8,1,5,0.0001,14.81,0,0.004325769746817523
f,8,8,verheiratet,0.0,8,1,5,0.0001,14.81,1,0.0
f,8,8,verheiratet_lp,0.0,8,1,5,0.0001,14.81,0,0.0
f,8,8,verwitwet,0.0,8,1,5,0.0001,14.81,0,0.0
f,8,8,verwitwet_lp,0.0,8,1,5,0.0001,14.81,0,0.0
f,9,9,geschieden,0.0,9,1,5,0.0001,14.81,0,0.0
f,9,9,geschieden_lp,0.0,9,1,5,0.0001,14.81,0,0.0
f,9,9,ledig,353022.0,9,1,5,0.0001,14.81,0,0.004252292779503944
f,9,9,verheiratet,0.0,9,1,5,0.0001,14.81,1,0.0
f,9,9,verheiratet_lp,0.0,9,1,5,0.0001,14.81,0,0.0
f,9,9,verwitwet,0.0,9,1,5,0.0001,14.81,0,0.0
f,9,9,verwitwet_lp,0.0,9,1,5,0.0001,14.81,0,0.0
f,10,10,geschieden,0.0,10,1,10,0.0001,18.22,0,0.0
f,10,10,geschieden_lp,0.0,10,1,10,0.0001,18.22,0,0.0
f,10,10,ledig,363004.0,10,1,10,0.0001,18.22,0,0.004372530006999705
f,10,10,verheiratet,0.0,10,1,10,0.0001,18.22,1,0.0
f,10,10,verheiratet_lp,0.0,10,1,10,0.0001,18.22,0,0.0
f,10,10,verwitwet,0.0,10,1,10,0.0001,18.22,0,0.0
f,10,10,verwitwet_lp,0.0,10,1,10,0.0001,18.22,0,0.0
f,11,11,geschieden,0.0,11,1,10,0.0001,18.22,0,0.0
f,11,11,geschieden_lp,0.0,11,1,10,0.0001,18.22,0,0.0
f,11,11,ledig,359949.0,11,1,10,0.0001,18.22,0,0.004335731296320528
f,11,11,verheiratet,0.0,11,1,10,0.0001,18.22,1,0.0
f,11,11,verheiratet_lp,0.0,11,1,10,0.0001,18.22,0,0.0
f,11,11,verwitwet,0.0,11,1,10,0.0001,18.22,0,0.0
f,11,11,verwitwet_lp,0.0,11,1,10,0.0001,18.22,0,0.0
f,12,12,geschieden,0.0,12,1,10,0.0001,18.22,0,0.0
f,12,12,geschieden_lp,0.0,12,1,10,0.0001,18.22,0,0.0
f,12,12,ledig,352344.0,12,1,10,0.0001,18.22,0,0.004244125995268107
f,12,12,verheiratet,0.0,12,1,10,0.0001,18.22,1,0.0
f,12,12,verheiratet_lp,0.0,12,1,10,0.0001,18.22,0,0.0
f,12,12,verwitwet,0.0,12,1,10,0.0001,18.22,0,0.0
f,12,12,verwitwet_lp,0.0,12,1,10,0.0001,18.22,0,0.0
f,13,13,geschieden,0.0,13,1,10,0.0001,18.22,0,0.0
f,13,13,geschieden_lp,1.0,13,1,10,0.0001,18.22,0,1.2045404477635797e-08
f,13,13,ledig,357391.0,13,1,10,0.0001,18.22,0,0.0043049191516667355
f,13,13,verheiratet,0.0,13,1,10,0.0001,18.22,1,0.0
f,13,13,verheiratet_lp,0.0,13,1,10,0.0001,18.22,0,0.0
f,13,13,verwitwet,0.0,13,1,10,0.0001,18.22,0,0.0
f,13,13,verwitwet_lp,0.0,13,1,10,0.0001,18.22,0,0.0
f,14,14,geschieden,0.0,14,1,10,0.0001,18.22,0,0.0
f,14,14,geschieden_lp,0.0,14,1,10,0.0001,18.22,0,0.0
f,14,14,ledig,365060.0,14,1,10,0.0001,18.22,0,0.004397295358605724
f,14,14,verheiratet,0.0,14,1,10,0.0001,18.22,1,0.0
f,14,14,verheiratet_lp,0.0,14,1,10,0.0001,18.22,0,0.0
f,14,14,verwitwet,1.0,14,1,10,0.0001,18.22,0,1.2045404477635797e-08
f,14,14,verwitwet_lp,0.0,14,1,10,0.0001,18.22,0,0.0
f,15,15,geschieden,1.0,15,1,15,0.0001,17.58,0,1.2045404477635797e-08
f,15,15,geschieden_lp,1.0,15,1,15,0.0001,17.58,0,1.2045404477635797e-08
f,15,15,ledig,364908.0,15,1,15,0.0001,17.58,0,0.004395464457125123
f,15,15,verheiratet,3.0,15,1,15,0.0001,17.58,1,3.6136213432907394e-08
f,15,15,verheiratet_lp,0.0,15,1,15,0.0001,17.58,0,0.0
f,15,15,verwitwet,0.0,15,1,15,0.0001,17.58,0,0.0
f,15,15,verwitwet_lp,0.0,15,1,15,0.0001,17.58,0,0.0
f,16,16,geschieden,1.0,16,1,15,0.0001,17.58,0,1.2045404477635797e-08
f,16,16,geschieden_lp,1.0,16,1,15,0.0001,17.58,0,1.2045404477635797e-08
f,16,16,ledig,370561.0,16,1,15,0.0001,17.58,0,0.004463557128637199
f,16,16,verheiratet,20.0,16,1,15,0.0001,17.58,1,2.4090808955271595e-07
f,16,16,verheiratet_lp,0.0,16,1,15,0.0001,17.58,0,0.0
f,16,16,verwitwet,0.0,16,1,15,0.0001,17.58,0,0.0
f,16,16,verwitwet_lp,0.0,16,1,15,0.0001,17.58,0,0.0
f,17,17,geschieden,6.0,17,1,15,0.0001,17.58,0,7.227242686581479e-08
f,17,17,geschieden_lp,1.0,17,1,15,0.0001,17.58,0,1.2045404477635797e-08
f,17,17,ledig,378748.0,17,1,15,0.0001,17.58,0,0.004562172855095603
f,17,17,verheiratet,120.0,17,1,15,0.0001,17.58,1,1.4454485373162956e-06
f,17,17,verheiratet_lp,1.0,17,1,15,0.0001,17.58,0,1.2045404477635797e-08
f,17,17,verwitwet,0.0,17,1,15,0.0001,17.58,0,0.0
f,17,17,verwitwet_lp,0.0,17,1,15,0.0001,17.58,0,0.0
f,18,18,geschieden,12.0,18,1,15,0.0002,17.58,0,1.4454485373162958e-07
f,18,18,geschieden_lp,1.0,18,1,15,0.0002,17.58,0,1.2045404477635797e-08
f,18,18,ledig,398606.0,18,1,15,0.0002,17.58,0,0.004801370497212494
f,18,18,verheiratet,1214.0,18,1,15,0.0002,17.58,1,1.4623121035849858e-05
f,18,18,verheiratet_lp,0.0,18,1,15,0.0002,17.58,0,0.0
f,18,18,verwitwet,1.0,18,1,15,0.0002,17.58,0,1.2045404477635797e-08
f,18,18,verwitwet_lp,0.0,18,1,15,0.0002,17.58,0,0.0
f,19,19,geschieden,30.0,19,1,15,0.0002,17.58,0,3.613621343290739e-07
f,19,19,geschieden_lp,0.0,19,1,15,0.0002,17.58,0,0.0
f,19,19,ledig,402731.0,19,1,15,0.0002,17.58,0,0.004851057790682742
f,19,19,verheiratet,3801.0,19,1,15,0.0002,17.58,1,4.578458241949366e-05
f,19,19,verheiratet_lp,4.0,19,1,15,0.0002,17.58,0,4.818161791054319e-08
f,19,19,verwitwet,6.0,19,1,15,0.0002,17.58,0,7.227242686581479e-08
f,19,19,verwitwet_lp,0.0,19,1,15,0.0002,17.58,0,0.0
f,20,20,geschieden,122.0,20,1,20,0.0002,13.57,0,1.4695393462715673e-06
f,20,20,geschieden_lp,4.0,20,1,20,0.0002,13.57,0,4.818161791054319e-08
f,20,20,ledig,415856.0,20,1,20,0.0002,13.57,0,0.005009153724451712
f,20,20,verheiratet,7685.0,20,1,20,0.0002,13.57,1,9.256893341063111e-05
f,20,20,verheiratet_lp,11.0,20,1,20,0.0002,13.57,0,1.3249944925399378e-07
f,20,20,verwitwet,14.0,20,1,20,0.0002,13.57,0,1.6863566268690115e-07
f,20,20,verwitwet_lp,0.0,20,1,20,0.0002,13.57,0,0.0
f,21,21,geschieden,321.0,21,1,20,0.0002,13.57,0,3.866574837321091e-06
f,21,21,geschieden_lp,6.0,21,1,20,0.0002,13.57,0,7.227242686581479e-08
f,21,21,ledig,429013.0,21,1,20,0.0002,13.57,0,0.005167635111163966
f,21,21,verheiratet,14071.0,21,1,20,0.0002,13.57,1,0.0001694908864048133
f,21,21,verheiratet_lp,25.0,21,1,20,0.0002,13.57,0,3.0113511194089495e-07
f,21,21,verwitwet,20.0,21,1,20,0.0002,13.57,0,2.4090808955271595e-07
f,21,21,verwitwet_lp,5.0,21,1,20,0.0002,13.57,0,6.022702238817899e-08
f,22,22,geschieden,628.0,22,1,20,0.0002,13.57,0,7.564514011955281e-06
f,22,22,geschieden_lp,10.0,22,1,20,0.0002,13.57,0,1.2045404477635798e-07
f,22,22,ledig,419890.0,22,1,20,0.0002,13.57,0,0.005057744886114495
f,22,22,verheiratet,21862.0,22,1,20,0.0002,13.57,1,0.0002633366326900738
f,22,22,verheiratet_lp,50.0,22,1,20,0.0002,13.57,0,6.022702238817899e-07
f,22,22,verwitwet,36.0,22,1,20,0.0002,13.57,0,4.336345611948887e-07
f,22,22,verwitwet_lp,1.0,22,1,20,0.0002,13.57,0,1.2045404477635797e-08
f,23,23,geschieden,1146.0,23,1,20,0.0002,13.57,0,1.3804033531370624e-05
f,23,23,geschieden_lp,26.0,23,1,20,0.0002,13.57,0,3.1318051641853075e-07
f,23,23,ledig,403369.0,23,1,20,0.0002,13.57,0,0.004858742758739474
f,23,23,verheiratet,31886.0,23,1,20,0.0002,13.57,1,0.00038407976717389506
f,23,23,verheiratet_lp,78.0,23,1,20,0.0002,13.57,0,9.395415492555922e-07
f,23,23,verwitwet,50.0,23,1,20,0.0002,13.57,0,6.022702238817899e-07
f,23,23,verwitwet_lp,3.0,23,1,20,0.0002,13.57,0,3.6136213432907394e-08
f,24,24,geschieden,1850.0,24,1,20,0.0002,13.57,0,2.2283998283626224e-05
f,24,24,geschieden_lp,40.0,24,1,20,0.0002,13.57,0,4.818161791054319e-07
f,24,24,ledig,398173.0,24,1,20,0.0002,13.57,0,0.004796154837073678
f,24,24,verheiratet,45792.0,24,1,20,0.0002,13.57,1,0.0005515831618398984
f,24,24,verheiratet_lp,137.0,24,1,20,0.0002,13.57,0,1.6502204134361042e-06
f,24,24,verwitwet,77.0,24,1,20,0.0002,13.57,0,9.274961447779564e-07
f,24,24,verwitwet_lp,3.0,24,1,20,0.0002,13.57,0,3.6136213432907394e-08
f,25,25,geschieden,2971.0,25,1,20,0.0002,13.57,0,3.578689670305595e-05
f,25,25,geschieden_lp,66.0,25,1,20,0.0002,13.57,0,7.949966955239626e-07
f,25,25,ledig,396473.0,25,1,20,0.0002,13.57,0,0.004775677649461698
f,25,25,verheiratet,63316.0,25,1,20,0.0002,13.57,1,0.0007626668299059882
f,25,25,verheiratet_lp,189.0,25,1,20,0.0002,13.57,0,2.2765814462731658e-06
f,25,25,verwitwet,115.0,25,1,20,0.0002,13.57,0,1.3852215149281167e-06
f,25,25,verwitwet_lp,2.0,25,1,20,0.0002,13.57,0,2.4090808955271594e-08
f,26,26,geschieden,4439.0,26,1,20,0.0002,13.57,0,5.3469550476225305e-05
f,26,26,geschieden_lp,99.0,26,1,20,0.0002,13.57,0,1.1924950432859439e-06
f,26,26,ledig,381866.0,26,1,20,0.0002,13.57,0,0.004599730426256872
f,26,26,verheiratet,86648.0,26,1,20,0.0002,13.57,1,0.0010437102071781865
f,26,26,verheiratet_lp,277.0,26,1,20,0.0002,13.57,0,3.3365770403051158e-06
f,26,26,verwitwet,143.0,26,1,20,0.0002,13.57,0,1.722492840301919e-06
f,26,26,verwitwet_lp,0.0,26,1,20,0.0002,13.57,0,0.0
f,27,27,geschieden,6230.0,27,1,20,0.0002,13.57,0,7.504286989567102e-05
f,27,27,geschieden_lp,132.0,27,1,20,0.0002,13.57,0,1.5899933910479252e-06
f,27,27,ledig,371560.0,27,1,20,0.0002,13.57,0,0.004475590487710357
f,27,27,verheiratet,113375.0,27,1,20,0.0002,13.57,1,0.0013656477326519586
f,27,27,verheiratet_lp,388.0,27,1,20,0.0002,13.57,0,4.6736169373226894e-06
f,27,27,verwitwet,216.0,27,1,20,0.0002,13.57,0,2.6018073671693324e-06
f,27,27,verwitwet_lp,2.0,27,1,20,0.0002,13.57,0,2.4090808955271594e-08
f,28,28,geschieden,8875.0,28,1,20,0.0002,13.57,0,0.0001069029647390177
f,28,28,geschieden_lp,173.0,28,1,20,0.0002,13.57,0,2.083854974630993e-06
f,28,28,ledig,376563.0,28,1,20,0.0002,13.57,0,0.004535853646311969
f,28,28,verheiratet,150042.0,28,1,20,0.0002,13.57,1,0.0018073165786334302
f,28,28,verheiratet_lp,535.0,28,1,20,0.0002,13.57,0,6.444291395535152e-06
f,28,28,verwitwet,290.0,28,1,20,0.0002,13.57,0,3.493167298514381e-06
f,28,28,verwitwet_lp,3.0,28,1,20,0.0002,13.57,0,3.6136213432907394e-08
f,29,29,geschieden,11381.0,29,1,20,0.0003,13.57,0,0.000137088748359973
f,29,29,geschieden_lp,210.0,29,1,20,0.0003,13.57,0,2.5295349403035175e-06
f,29,29,ledig,344150.0,29,1,20,0.0003,13.57,0,0.00414542595097836
f,29,29,verheiratet,175510.0,29,1,20,0.0003,13.57,1,0.0021140889398698587
f,29,29,verheiratet_lp,694.0,29,1,20,0.0003,13.57,0,8.359510707479244e-06
f,29,29,verwitwet,462.0,29,1,20,0.0003,13.57,0,5.5649768686677385e-06
f,29,29,verwitwet_lp,4.0,29,1,20,0.0003,13.57,0,4.818161791054319e-08
f,30,30,geschieden,14685.0,30,1,30,0.0003,14.14,0,0.0001768867647540817
f,30,30,geschieden_lp,272.0,30,1,30,0.0003,14.14,0,3.276350017916937e-06
f,30,30,ledig,319566.0,30,1,30,0.0003,14.14,0,0.0038493017273001614
f,30,30,verheiratet,207601.0,30,1,30,0.0003,14.14,1,0.002500638014961669
f,30,30,verheiratet_lp,778.0,30,1,30,0.0003,14.14,0,9.37132468360065e-06
f,30,30,verwitwet,489.0,30,1,30,0.0003,14.14,0,5.890202789563905e-06
f,30,30,verwitwet_lp,0.0,30,1,30,0.0003,14.14,0,0.0
f,31,31,geschieden,17543.0,31,1,30,0.0003,14.14,0,0.0002113125307511648
f,31,31,geschieden_lp,268.0,31,1,30,0.0003,14.14,0,3.228168400006394e-06
f,31,31,ledig,286800.0,31,1,30,0.0003,14.14,0,0.003454622004185947
f,31,31,verheiratet,227271.0,31,1,30,0.0003,14.14,1,0.0027375711210367655
f,31,31,verheiratet_lp,846.0,31,1,30,0.0003,14.14,0,1.0190412188079884e-05
f,31,31,verwitwet,642.0,31,1,30,0.0003,14.14,0,7.733149674642182e-06
f,31,31,verwitwet_lp,6.0,31,1,30,0.0003,14.14,0,7.227242686581479e-08
f,32,32,geschieden,20487.0,32,1,30,0.0003,14.14,0,0.0002467742015333246
f,32,32,geschieden_lp,336.0,32,1,30,0.0003,14.14,0,4.047255904485628e-06
f,32,32,ledig,260053.0,32,1,30,0.0003,14.14,0,0.003132443570622622
f,32,32,verheiratet,244150.0,32,1,30,0.0003,14.14,1,0.00294088550321478
f,32,32,verheiratet_lp,909.0,32,1,30,0.0003,14.14,0,1.094927267017094e-05
f,32,32,verwitwet,767.0,32,1,30,0.0003,14.14,0,9.238825234346656e-06
f,32,32,verwitwet_lp,4.0,32,1,30,0.0003,14.14,0,4.818161791054319e-08
f,33,33,geschieden,23531.0,33,1,30,0.0004,14.14,0,0.00028344041276324793
f,33,33,geschieden_lp,331.0,33,1,30,0.0004,14.14,0,3.987028882097449e-06
f,33,33,ledig,232151.0,33,1,30,0.0004,14.14,0,0.002796352694887628
f,33,33,verheiratet,253992.0,33,1,30,0.0004,14.14,1,0.0030594363740836716
f,33,33,verheiratet_lp,906.0,33,1,30,0.0004,14.14,0,1.0913136456738033e-05
f,33,33,verwitwet,933.0,33,1,30,0.0004,14.14,0,1.1238362377634198e-05
f,33,33,verwitwet_lp,5.0,33,1,30,0.0004,14.14,0,6.022702238817899e-08
f,34,34,geschieden,27052.0,34,1,30,0.0004,14.14,0,0.0003258522819290036
f,34,34,geschieden_lp,325.0,34,1,30,0.0004,14.14,0,3.914756455231634e-06
f,34,34,ledig,213533.0,34,1,30,0.0004,14.14,0,0.002572091354323005
f,34,34,verheiratet,266603.0,34,1,30,0.0004,14.14,1,0.0032113409699511364
f,34,34,verheiratet_lp,1000.0,34,1,30,0.0004,14.14,0,1.2045404477635798e-05
f,34,34,verwitwet,1111.0,34,1,30,0.0004,14.14,0,1.338244437465337e-05
f,34,34,verwitwet_lp,2.0,34,1,30,0.0004,14.14,0,2.4090808955271594e-08
f,35,35,geschieden,31206.0,35,1,30,0.0004,14.14,0,0.0003758888921291027
f,35,35,geschieden_lp,343.0,35,1,30,0.0004,14.14,0,4.131573735829079e-06
f,35,35,ledig,199125.0,35,1,30,0.0004,14.14,0,0.0023985411666092283
f,35,35,verheiratet,279281.0,35,1,30,0.0004,14.14,1,0.0033640526079186032
f,35,35,verheiratet_lp,1059.0,35,1,30,0.0004,14.14,0,1.2756083341816309e-05
f,35,35,verwitwet,1371.0,35,1,30,0.0004,14.14,0,1.6514249538838677e-05
f,35,35,verwitwet_lp,5.0,35,1,30,0.0004,14.14,0,6.022702238817899e-08
f,36,36,geschieden,35868.0,36,1,30,0.0005,14.14,0,0.00043204456780384076
f,36,36,geschieden_lp,384.0,36,1,30,0.0005,14.14,0,4.6254353194121464e-06
f,36,36,ledig,187330.0,36,1,30,0.0005,14.14,0,0.002256465620795514
f,36,36,verheiratet,297376.0,36,1,30,0.0005,14.14,1,0.003582014201941423
f,36,36,verheiratet_lp,1103.0,36,1,30,0.0005,14.14,0,1.3286081138832284e-05
f,36,36,verwitwet,1555.0,36,1,30,0.0005,14.14,0,1.8730603962723666e-05
f,36,36,verwitwet_lp,6.0,36,1,30,0.0005,14.14,0,7.227242686581479e-08
f,37,37,geschieden,39994.0,37,1,30,0.0005,14.14,0,0.0004817439066785661
f,37,37,geschieden_lp,384.0,37,1,30,0.0005,14.14,0,4.6254353194121464e-06
f,37,37,ledig,173032.0,37,1,30,0.0005,14.14,0,0.0020842404275742774
f,37,37,verheiratet,305760.0,37,1,30,0.0005,14.14,1,0.0036830028730819213
f,37,37,verheiratet_lp,1180.0,37,1,30,0.0005,14.14,0,1.421357728361024e-05
f,37,37,verwitwet,1997.0,37,1,30,0.0005,14.14,0,2.4054672741838688e-05
f,37,37,verwitwet_lp,6.0,37,1,30,0.0005,14.14,0,7.227242686581479e-08
f,38,38,geschieden,44012.0,38,1,30,0.0006,14.14,0,0.0005301423418697067
f,38,38,geschieden_lp,395.0,38,1,30,0.0006,14.14,0,4.75793476866614e-06
f,38,38,ledig,162699.0,38,1,30,0.0006,14.14,0,0.0019597752631068666
f,38,38,verheiratet,314730.0,38,1,30,0.0006,14.14,1,0.0037910501512463143
f,38,38,verheiratet_lp,1289.0,38,1,30,0.0006,14.14,0,1.5526526371672544e-05
f,38,38,verwitwet,2195.0,38,1,30,0.0006,14.14,0,2.6439662828410575e-05
f,38,38,verwitwet_lp,9.0,38,1,30,0.0006,14.14,0,1.0840864029872218e-07
f,39,39,geschieden,46374.0,39,1,30,0.0006,14.14,0,0.0005585935872458825
f,39,39,geschieden_lp,392.0,39,1,30,0.0006,14.14,0,4.721798555233232e-06
f,39,39,ledig,143519.0,39,1,30,0.0006,14.14,0,0.001728744405225812
f,39,39,verheiratet,306285.0,39,1,30,0.0006,14.14,1,0.0036893267104326803
f,39,39,verheiratet_lp,1237.0,39,1,30,0.0006,14.14,0,1.490016533883548e-05
f,39,39,verwitwet,2592.0,39,1,30,0.0006,14.14,0,3.1221688406031986e-05
f,39,39,verwitwet_lp,6.0,39,1,30,0.0006,14.14,0,7.227242686581479e-08
f,40,40,geschieden,49030.0,40,1,40,0.0007,13.83,0,0.0005905861815384832
f,40,40,geschieden_lp,413.0,40,1,40,0.0007,13.83,0,4.974752049263584e-06
f,40,40,ledig,133485.0,40,1,40,0.0007,13.83,0,0.0016078808166972143
f,40,40,verheiratet,306051.0,40,1,40,0.0007,13.83,1,0.0036865080857849133
f,40,40,verheiratet_lp,1250.0,40,1,40,0.0007,13.83,0,1.5056755597044747e-05
f,40,40,verwitwet,2987.0,40,1,40,0.0007,13.83,0,3.5979623174698126e-05
f,40,40,verwitwet_lp,7.0,40,1,40,0.0007,13.83,0,8.431783134345058e-08
f,41,41,geschieden,52475.0,41,1,40,0.0008,13.83,0,0.0006320825999639385
f,41,41,geschieden_lp,352.0,41,1,40,0.0008,13.83,0,4.239982376127801e-06
f,41,41,ledig,125218.0,41,1,40,0.0008,13.83,0,0.0015083014578805992
f,41,41,verheiratet,305464.0,41,1,40,0.0008,13.83,1,0.003679437433356541
f,41,41,verheiratet_lp,1232.0,41,1,40,0.0008,13.83,0,1.4839938316447302e-05
f,41,41,verwitwet,3483.0,41,1,40,0.0008,13.83,0,4.195414379560548e-05
f,41,41,verwitwet_lp,8.0,41,1,40,0.0008,13.83,0,9.636323582108638e-08
f,42,42,geschieden,55634.0,42,1,40,0.0008,13.83,0,0.00067013403270879
f,42,42,geschieden_lp,351.0,42,1,40,0.0008,13.83,0,4.227936971650165e-06
f,42,42,ledig,115121.0,42,1,40,0.0008,13.83,0,0.0013866790088699107
f,42,42,verheiratet,304235.0,42,1,40,0.0008,13.83,1,0.003664633631253527
f,42,42,verheiratet_lp,1104.0,42,1,40,0.0008,13.83,0,1.3298126543309921e-05
f,42,42,verwitwet,3862.0,42,1,40,0.0008,13.83,0,4.651935209262945e-05
f,42,42,verwitwet_lp,11.0,42,1,40,0.0008,13.83,0,1.3249944925399378e-07
f,43,43,geschieden,57179.0,43,1,40,0.0009,13.83,0,0.0006887441826267372
f,43,43,geschieden_lp,319.0,43,1,40,0.0009,13.83,0,3.842484028365819e-06
f,43,43,ledig,105007.0,43,1,40,0.0009,13.83,0,0.0012648517879831022
f,43,43,verheiratet,298770.0,43,1,40,0.0009,13.83,1,0.003598805495783247
f,43,43,verheiratet_lp,1026.0,43,1,40,0.0009,13.83,0,1.2358584994054328e-05
f,43,43,verwitwet,4422.0,43,1,40,0.0009,13.83,0,5.3264778600105494e-05
f,43,43,verwitwet_lp,12.0,43,1,40,0.0009,13.83,0,1.4454485373162958e-07
f,44,44,geschieden,61883.0,44,1,40,0.001,13.83,0,0.000745405765289536
f,44,44,geschieden_lp,303.0,44,1,40,0.001,13.83,0,3.6497575567236465e-06
f,44,44,ledig,101033.0,44,1,40,0.001,13.83,0,0.0012169833505889776
f,44,44,verheiratet,304945.0,44,1,40,0.001,13.83,1,0.003673185868432648
f,44,44,verheiratet_lp,1116.0,44,1,40,0.001,13.83,0,1.3442671397041549e-05
f,44,44,verwitwet,4985.0,44,1,40,0.001,13.83,0,6.004634132101445e-05
f,44,44,verwitwet_lp,7.0,44,1,40,0.001,13.83,0,8.431783134345058e-08
f,45,45,geschieden,65410.0,45,1,40,0.0011,13.83,0,0.0007878899068821575
f,45,45,geschieden_lp,253.0,45,1,40,0.0011,13.83,0,3.0474873328418566e-06
f,45,45,ledig,97162.0,45,1,40,0.0011,13.83,0,0.0011703555898560493
f,45,45,verheiratet,308781.0,45,1,40,0.0011,13.83,1,0.0037193920400088593
f,45,45,verheiratet_lp,946.0,45,1,40,0.0011,13.83,0,1.1394952635843465e-05
f,45,45,verwitwet,5759.0,45,1,40,0.0011,13.83,0,6.936948438670455e-05
f,45,45,verwitwet_lp,12.0,45,1,40,0.0011,13.83,0,1.4454485373162958e-07
f,46,46,geschieden,73236.0,46,1,40,0.0013,13.83,0,0.0008821572423241352
f,46,46,geschieden_lp,262.0,46,1,40,0.0013,13.83,0,3.155895973140579e-06
f,46,46,ledig,100053.0,46,1,40,0.0013,13.83,0,0.0012051788542008944
f,46,46,verheiratet,334385.0,46,1,40,0.0013,13.83,1,0.004027802576254246
f,46,46,verheiratet_lp,984.0,46,1,40,0.0013,13.83,0,1.1852678005993624e-05
f,46,46,verwitwet,6936.0,46,1,40,0.0013,13.83,0,8.35469254568819e-05
f,46,46,verwitwet_lp,15.0,46,1,40,0.0013,13.83,0,1.8068106716453695e-07
f,47,47,geschieden,83970.0,47,1,40,0.0014,13.83,0,0.001011452613987078
f,47,47,geschieden_lp,268.0,47,1,40,0.0014,13.83,0,3.228168400006394e-06
f,47,47,ledig,106170.0,47,1,40,0.0014,13.83,0,0.0012788605933905927
f,47,47,verheiratet,365590.0,47,1,40,0.0014,13.83,1,0.004403679422978871
f,47,47,verheiratet_lp,1090.0,47,1,40,0.0014,13.83,0,1.312949088062302e-05
f,47,47,verwitwet,8605.0,47,1,40,0.0014,13.83,0,0.00010365070553005603
f,47,47,verwitwet_lp,18.0,47,1,40,0.0014,13.83,0,2.1681728059744435e-07
f,48,48,geschieden,90741.0,48,1,40,0.0016,13.83,0,0.00109301204770515
f,48,48,geschieden_lp,309.0,48,1,40,0.0016,13.83,0,3.7220299835894614e-06
f,48,48,ledig,104387.0,48,1,40,0.0016,13.83,0,0.001257383637206968
f,48,48,verheiratet,379339.0,48,1,40,0.0016,13.83,1,0.0045692916891418855
f,48,48,verheiratet_lp,1114.0,48,1,40,0.0016,13.83,0,1.3418580588086279e-05
f,48,48,verwitwet,10038.0,48,1,40,0.0016,13.83,0,0.00012091177014650814
f,48,48,verwitwet_lp,27.0,48,1,40,0.0016,13.83,0,3.2522592089616655e-07
f,49,49,geschieden,101006.0,49,1,40,0.0018,13.83,0,0.0012166581246680814
f,49,49,geschieden_lp,265.0,49,1,40,0.0018,13.83,0,3.1920321865734864e-06
f,49,49,ledig,106188.0,49,1,40,0.0018,13.83,0,0.00127907741067119
f,49,49,verheiratet,405839.0,49,1,40,0.0018,13.83,1,0.004888494907799234
f,49,49,verheiratet_lp,1142.0,49,1,40,0.0018,13.83,0,1.375585191346008e-05
f,49,49,verwitwet,11983.0,49,1,40,0.0018,13.83,0,0.00014434008185550975
f,49,49,verwitwet_lp,19.0,49,1,40,0.0018,13.83,0,2.2886268507508015e-07
f,50,50,geschieden,109013.0,50,1,50,0.002,12.3,0,0.0013131056783205113
f,50,50,geschieden_lp,310.0,50,1,50,0.002,12.3,0,3.7340753880670973e-06
f,50,50,ledig,104984.0,50,1,50,0.002,12.3,0,0.0012645747436801165
f,50,50,verheiratet,425485.0,50,1,50,0.002,12.3,1,0.005125138924166868
f,50,50,verheiratet_lp,1201.0,50,1,50,0.002,12.3,0,1.4466530777640593e-05
f,50,50,verwitwet,14174.0,50,1,50,0.002,12.3,0,0.00017073156306600978
f,50,50,verwitwet_lp,26.0,50,1,50,0.002,12.3,0,3.1318051641853075e-07
f,51,51,geschieden,114812.0,51,1,50,0.0022,12.3,0,0.0013829569788863212
f,51,51,geschieden_lp,243.0,51,1,50,0.0022,12.3,0,2.9270332880654987e-06
f,51,51,ledig,101809.0,51,1,50,0.0022,12.3,0,0.001226330584463623
f,51,51,verheiratet,437428.0,51,1,50,0.0022,12.3,1,0.005268997189843271
f,51,51,verheiratet_lp,1203.0,51,1,50,0.0022,12.3,0,1.4490621586595865e-05
f,51,51,verwitwet,16468.0,51,1,50,0.0022,12.3,0,0.0001983637209377063
f,51,51,verwitwet_lp,29.0,51,1,50,0.0022,12.3,0,3.493167298514381e-07
f,52,52,geschieden,119200.0,52,1,50,0.0025,12.3,0,0.001435812213734187
f,52,52,geschieden_lp,258.0,52,1,50,0.0025,12.3,0,3.107714355230036e-06
f,52,52,ledig,97580.0,52,1,50,0.0025,12.3,0,0.001175390568927701
f,52,52,verheiratet,451195.0,52,1,50,0.0025,12.3,1,0.005434826273286884
f,52,52,verheiratet_lp,1225.0,52,1,50,0.0025,12.3,0,1.4755620485103852e-05
f,52,52,verwitwet,18985.0,52,1,50,0.0025,12.3,0,0.00022868200400791563
f,52,52,verwitwet_lp,31.0,52,1,50,0.0025,12.3,0,3.734075388067097e-07
f,53,53,geschieden,120538.0,53,1,50,0.0027,12.3,0,0.0014519289649252637
f,53,53,geschieden_lp,242.0,53,1,50,0.0027,12.3,0,2.914987883587863e-06
f,53,53,ledig,90515.0,53,1,50,0.0027,12.3,0,0.0010902897862932043
f,53,53,verheiratet,453988.0,53,1,50,0.0027,12.3,1,0.00546846908799292
f,53,53,verheiratet_lp,1158.0,53,1,50,0.0027,12.3,0,1.3948578385102253e-05
f,53,53,verwitwet,22201.0,53,1,50,0.0027,12.3,0,0.00026742002480799234
f,53,53,verwitwet_lp,44.0,53,1,50,0.0027,12.3,0,5.299977970159751e-07
f,54,54,geschieden,123813.0,54,1,50,0.003,12.3,0,0.001491377664589521
f,54,54,geschieden_lp,238.0,54,1,50,0.003,12.3,0,2.8668062656773197e-06
f,54,54,ledig,86385.0,54,1,50,0.003,12.3,0,0.0010405422658005684
f,54,54,verheiratet,464137.0,54,1,50,0.003,12.3,1,0.005590717898036446
f,54,54,verheiratet_lp,1153.0,54,1,50,0.003,12.3,0,1.3888351362714074e-05
f,54,54,verwitwet,25620.0,54,1,50,0.003,12.3,0,0.00030860326271702913
f,54,54,verwitwet_lp,35.0,54,1,50,0.003,12.3,0,4.215891567172529e-07
f,55,55,geschieden,121126.0,55,1,50,0.0033,12.3,0,0.0014590116627581137
f,55,55,geschieden_lp,213.0,55,1,50,0.0033,12.3,0,2.565671153736425e-06
f,55,55,ledig,79984.0,55,1,50,0.0033,12.3,0,0.0009634396317392217
f,55,55,verheiratet,463683.0,55,1,50,0.0033,12.3,1,0.005585249284403599
f,55,55,verheiratet_lp,1055.0,55,1,50,0.0033,12.3,0,1.2707901723905767e-05
f,55,55,verwitwet,29298.0,55,1,50,0.0033,12.3,0,0.0003529062603857736
f,55,55,verwitwet_lp,30.0,55,1,50,0.0033,12.3,0,3.613621343290739e-07
f,56,56,geschieden,117127.0,56,1,50,0.0036,12.3,0,0.001410842090252048
f,56,56,geschieden_lp,170.0,56,1,50,0.0036,12.3,0,2.0477187611980855e-06
f,56,56,ledig,71737.0,56,1,50,0.0036,12.3,0,0.0008641011810121592
f,56,56,verheiratet,451551.0,56,1,50,0.0036,12.3,1,0.005439114437280922
f,56,56,verheiratet_lp,1008.0,56,1,50,0.0036,12.3,0,1.2141767713456884e-05
f,56,56,verwitwet,32419.0,56,1,50,0.0036,12.3,0,0.00039049996776047494
f,56,56,verwitwet_lp,38.0,56,1,50,0.0036,12.3,0,4.577253701501603e-07
f,57,57,geschieden,112917.0,57,1,50,0.004,12.3,0,0.0013601309374012013
f,57,57,geschieden_lp,139.0,57,1,50,0.004,12.3,0,1.6743112223913759e-06
f,57,57,ledig,66323.0,57,1,50,0.004,12.3,0,0.000798887361170239
f,57,57,verheiratet,448050.0,57,1,50,0.004,12.3,1,0.005396943476204719
f,57,57,verheiratet_lp,912.0,57,1,50,0.004,12.3,0,1.0985408883603847e-05
f,57,57,verwitwet,36914.0,57,1,50,0.004,12.3,0,0.0004446440608874478
f,57,57,verwitwet_lp,38.0,57,1,50,0.004,12.3,0,4.577253701501603e-07
f,58,58,geschieden,106362.0,58,1,50,0.0044,12.3,0,0.0012811733110502986
f,58,58,geschieden_lp,120.0,58,1,50,0.0044,12.3,0,1.4454485373162956e-06
f,58,58,ledig,59938.0,58,1,50,0.0044,12.3,0,0.0007219774535805344
f,58,58,verheiratet,434158.0,58,1,50,0.0044,12.3,1,0.005229608717201403
f,58,58,verheiratet_lp,804.0,58,1,50,0.0044,12.3,0,9.68450520001918e-06
f,58,58,verwitwet,41191.0,58,1,50,0.0044,12.3,0,0.0004961622558382962
f,58,58,verwitwet_lp,40.0,58,1,50,0.0044,12.3,0,4.818161791054319e-07
f,59,59,geschieden,100901.0,59,1,50,0.0048,12.3,0,0.0012153933571979296
f,59,59,geschieden_lp,120.0,59,1,50,0.0048,12.3,0,1.4454485373162956e-06
f,59,59,ledig,54333.0,59,1,50,0.0048,12.3,0,0.0006544629614833858
f,59,59,verheiratet,422340.0,59,1,50,0.0048,12.3,1,0.005087256127084703
f,59,59,verheiratet_lp,695.0,59,1,50,0.0048,12.3,0,8.371556111956879e-06
f,59,59,verwitwet,44776.0,59,1,50,0.0048,12.3,0,0.0005393450308906205
f,59,59,verwitwet_lp,34.0,59,1,50,0.0048,12.3,0,4.095437522396171e-07
f,60,60,geschieden,91164.0,60,1,60,0.0054,9.21,0,0.0010981072537991899
f,60,60,geschieden_lp,100.0,60,1,60,0.0054,9.21,0,1.2045404477635798e-06
f,60,60,ledig,48416.0,60,1,60,0.0054,9.21,0,0.0005831903031892148
f,60,60,verheiratet,399953.0,60,1,60,0.0054,9.21,1,0.00481759565704387
f,60,60,verheiratet_lp,631.0,60,1,60,0.0054,9.21,0,7.6006502253881885e-06
f,60,60,verwitwet,47653.0,60,1,60,0.0054,9.21,0,0.0005739996595727786
f,60,60,verwitwet_lp,36.0,60,1,60,0.0054,9.21,0,4.336345611948887e-07
f,61,61,geschieden,86931.0,61,1,60,0.0056,9.21,0,0.0010471190566453575
f,61,61,geschieden_lp,68.0,61,1,60,0.0056,9.21,0,8.190875044792342e-07
f,61,61,ledig,44733.0,61,1,60,0.0056,9.21,0,0.0005388270784980821
f,61,61,verheiratet,389812.0,61,1,60,0.0056,9.21,1,0.004695443210236166
f,61,61,verheiratet_lp,631.0,61,1,60,0.0056,9.21,0,7.6006502253881885e-06
f,61,61,verwitwet,51936.0,61,1,60,0.0056,9.21,0,0.0006255901269504927
f,61,61,verwitwet_lp,31.0,61,1,60,0.0056,9.21,0,3.734075388067097e-07
f,62,62,geschieden,82301.0,62,1,60,0.0061,9.21,0,0.0009913488339139038
f,62,62,geschieden_lp,60.0,62,1,60,0.0061,9.21,0,7.227242686581478e-07
f,62,62,ledig,40774.0,62,1,60,0.0061,9.21,0,0.000491139322171122
f,62,62,verheiratet,378438.0,62,1,60,0.0061,9.21,1,0.004558438779707536
f,62,62,verheiratet_lp,538.0,62,1,60,0.0061,9.21,0,6.480427608968059e-06
f,62,62,verwitwet,56497.0,62,1,60,0.0061,9.21,0,0.0006805292167729897
f,62,62,verwitwet_lp,40.0,62,1,60,0.0061,9.21,0,4.818161791054319e-07
f,63,63,geschieden,77656.0,63,1,60,0.0066,9.21,0,0.0009353979301152855
f,63,63,geschieden_lp,56.0,63,1,60,0.0066,9.21,0,6.745426507476046e-07
f,63,63,ledig,37079.0,63,1,60,0.0066,9.21,0,0.00044663155262625776
f,63,63,verheiratet,365922.0,63,1,60,0.0066,9.21,1,0.004407678497265447
f,63,63,verheiratet_lp,469.0,63,1,60,0.0066,9.21,0,5.6492947000111886e-06
f,63,63,verwitwet,61487.0,63,1,60,0.0066,9.21,0,0.0007406357851163923
f,63,63,verwitwet_lp,28.0,63,1,60,0.0066,9.21,0,3.372713253738023e-07
f,64,64,geschieden,75085.0,64,1,60,0.0073,9.21,0,0.0009044291952032839
f,64,64,geschieden_lp,55.0,64,1,60,0.0073,9.21,0,6.624972462699689e-07
f,64,64,ledig,34449.0,64,1,60,0.0073,9.21,0,0.0004149521388500756
f,64,64,verheiratet,358153.0,64,1,60,0.0073,9.21,1,0.004314097749878694
f,64,64,verheiratet_lp,452.0,64,1,60,0.0073,9.21,0,5.444522823891381e-06
f,64,64,verwitwet,66521.0,64,1,60,0.0073,9.21,0,0.0008012723512568109
f,64,64,verwitwet_lp,34.0,64,1,60,0.0073,9.21,0,4.095437522396171e-07
f,65,65,geschieden,70633.0,65,1,60,0.008,9.21,0,0.0008508030544688493
f,65,65,geschieden_lp,39.0,65,1,60,0.008,9.21,0,4.697707746277961e-07
f,65,65,ledig,30877.0,65,1,60,0.008,9.21,0,0.00037192595405596054
f,65,65,verheiratet,345190.0,65,1,60,0.008,9.21,1,0.004157953171635101
f,65,65,verheiratet_lp,450.0,65,1,60,0.008,9.21,0,5.420432014936109e-06
f,65,65,verwitwet,70654.0,65,1,60,0.008,9.21,0,0.0008510560079628796
f,65,65,verwitwet_lp,38.0,65,1,60,0.008,9.21,0,4.577253701501603e-07
f,66,66,geschieden,68880.0,66,1,60,0.0087,9.21,0,0.0008296874604195537
f,66,66,geschieden_lp,22.0,66,1,60,0.0087,9.21,0,2.6499889850798755e-07
f,66,66,ledig,28721.0,66,1,60,0.0087,9.21,0,0.0003459560620021777
f,66,66,verheiratet,339658.0,66,1,60,0.0087,9.21,1,0.00409131799406482
f,66,66,verheiratet_lp,389.0,66,1,60,0.0087,9.21,0,4.685662341800325e-06
f,66,66,verwitwet,77800.0,66,1,60,0.0087,9.21,0,0.0009371324683600651
f,66,66,verwitwet_lp,26.0,66,1,60,0.0087,9.21,0,3.1318051641853075e-07
f,67,67,geschieden,65758.0,67,1,60,0.0097,9.21,0,0.0007920817076403747
f,67,67,geschieden_lp,30.0,67,1,60,0.0097,9.21,0,3.613621343290739e-07
f,67,67,ledig,26176.0,67,1,60,0.0097,9.21,0,0.00031530050760659464
f,67,67,verheiratet,327552.0,67,1,60,0.0097,9.21,1,0.003945496327458561
f,67,67,verheiratet_lp,398.0,67,1,60,0.0097,9.21,0,4.794070982099047e-06
f,67,67,verwitwet,83144.0,67,1,60,0.0097,9.21,0,0.0010015031098885507
f,67,67,verwitwet_lp,32.0,67,1,60,0.0097,9.21,0,3.854529432843455e-07
f,68,68,geschieden,63371.0,68,1,60,0.0102,9.21,0,0.0007633293271522581
f,68,68,geschieden_lp,30.0,68,1,60,0.0102,9.21,0,3.613621343290739e-07
f,68,68,ledig,24108.0,68,1,60,0.0102,9.21,0,0.0002903906111468438
f,68,68,verheiratet,321030.0,68,1,60,0.0102,9.21,1,0.00386693619945542
f,68,68,verheiratet_lp,384.0,68,1,60,0.0102,9.21,0,4.6254353194121464e-06
f,68,68,verwitwet,91471.0,68,1,60,0.0102,9.21,0,0.001101805192973824
f,68,68,verwitwet_lp,47.0,68,1,60,0.0102,9.21,0,5.661340104488825e-07
f,69,69,geschieden,58038.0,69,1,60,0.0112,9.21,0,0.0006990911850730264
f,69,69,geschieden_lp,19.0,69,1,60,0.0112,9.21,0,2.2886268507508015e-07
f,69,69,ledig,21355.0,69,1,60,0.0112,9.21,0,0.00025722961261991247
f,69,69,verheiratet,304307.0,69,1,60,0.0112,9.21,1,0.0036655009003759165
f,69,69,verheiratet_lp,313.0,69,1,60,0.0112,9.21,0,3.7702116015000048e-06
f,69,69,verwitwet,95900.0,69,1,60,0.0112,9.21,0,0.001155154289405273
f,69,69,verwitwet_lp,23.0,69,1,60,0.0112,9.21,0,2.7704430298562335e-07
f,70,70,geschieden,51548.0,70,1,70,0.0122,6.89,0,0.00062091651001317
f,70,70,geschieden_lp,26.0,70,1,70,0.0122,6.89,0,3.1318051641853075e-07
f,70,70,ledig,18228.0,70,1,70,0.0122,6.89,0,0.00021956363281834532
f,70,70,verheiratet,269558.0,70,1,70,0.0122,6.89,1,0.0032469351401825503
f,70,70,verheiratet_lp,272.0,70,1,70,0.0122,6.89,0,3.276350017916937e-06
f,70,70,verwitwet,94700.0,70,1,70,0.0122,6.89,0,0.00114069980403211
f,70,70,verwitwet_lp,28.0,70,1,70,0.0122,6.89,0,3.372713253738023e-07
f,71,71,geschieden,46627.0,71,1,70,0.0134,6.89,0,0.0005616410745787244
f,71,71,geschieden_lp,8.0,71,1,70,0.0134,6.89,0,9.636323582108638e-08
f,71,71,ledig,15946.0,71,1,70,0.0134,6.89,0,0.00019207601980038042
f,71,71,verheiratet,248301.0,71,1,70,0.0134,6.89,1,0.002990885977201446
f,71,71,verheiratet_lp,200.0,71,1,70,0.0134,6.89,0,2.4090808955271596e-06
f,71,71,verwitwet,96417.0,71,1,70,0.0134,6.89,0,0.0011613817635202108
f,71,71,verwitwet_lp,26.0,71,1,70,0.0134,6.89,0,3.1318051641853075e-07
f,72,72,geschieden,39962.0,72,1,70,0.0144,6.89,0,0.00048135845373528175
f,72,72,geschieden_lp,9.0,72,1,70,0.0144,6.89,0,1.0840864029872218e-07
f,72,72,ledig,13123.0,72,1,70,0.0144,6.89,0,0.00015807184296001456
f,72,72,verheiratet,209617.0,72,1,70,0.0144,6.89,1,0.002524921550388583
f,72,72,verheiratet_lp,241.0,72,1,70,0.0144,6.89,0,2.902942479110227e-06
f,72,72,verwitwet,90011.0,72,1,70,0.0144,6.89,0,0.0010842189024364757
f,72,72,verwitwet_lp,26.0,72,1,70,0.0144,6.89,0,3.1318051641853075e-07
f,73,73,geschieden,34401.0,73,1,70,0.0155,6.89,0,0.00041437395943514906
f,73,73,geschieden_lp,14.0,73,1,70,0.0155,6.89,0,1.6863566268690115e-07
f,73,73,ledig,11832.0,73,1,70,0.0155,6.89,0,0.00014252122577938675
f,73,73,verheiratet,179066.0,73,1,70,0.0155,6.89,1,0.002156922398192332
f,73,73,verheiratet_lp,209.0,73,1,70,0.0155,6.89,0,2.5174895358258816e-06
f,73,73,verwitwet,85384.0,73,1,70,0.0155,6.89,0,0.0010284848159184548
f,73,73,verwitwet_lp,31.0,73,1,70,0.0155,6.89,0,3.734075388067097e-07
f,74,74,geschieden,43485.0,74,1,70,0.0171,6.89,0,0.0005237944137099926
f,74,74,geschieden_lp,9.0,74,1,70,0.0171,6.89,0,1.0840864029872218e-07
f,74,74,ledig,14519.0,74,1,70,0.0171,6.89,0,0.00017488722761079415
f,74,74,verheiratet,232832.0,74,1,70,0.0171,6.89,1,0.002804555615336898
f,74,74,verheiratet_lp,273.0,74,1,70,0.0171,6.89,0,3.2883954223945728e-06
f,74,74,verwitwet,119696.0,74,1,70,0.0171,6.89,0,0.0014417867343550943
f,74,74,verwitwet_lp,34.0,74,1,70,0.0171,6.89,0,4.095437522396171e-07
f,75,75,geschieden,42794.0,75,1,70,0.0191,6.89,0,0.0005154710392159463
f,75,75,geschieden_lp,17.0,75,1,70,0.0191,6.89,0,2.0477187611980855e-07
f,75,75,ledig,14963.0,75,1,70,0.0191,6.89,0,0.00018023538719886444
f,75,75,verheiratet,226757.0,75,1,70,0.0191,6.89,1,0.0027313797831352606
f,75,75,verheiratet_lp,201.0,75,1,70,0.0191,6.89,0,2.421126300004795e-06
f,75,75,verwitwet,128293.0,75,1,70,0.0191,6.89,0,0.0015453410766493295
f,75,75,verwitwet_lp,38.0,75,1,70,0.0191,6.89,0,4.577253701501603e-07
f,76,76,geschieden,38998.0,76,1,70,0.0218,6.89,0,0.00046974668381884085
f,76,76,geschieden_lp,7.0,76,1,70,0.0218,6.89,0,8.431783134345058e-08
f,76,76,ledig,14716.0,76,1,70,0.0218,6.89,0,0.0001772601722928884
f,76,76,verheiratet,209062.0,76,1,70,0.0218,6.89,1,0.002518236350903495
f,76,76,verheiratet_lp,183.0,76,1,70,0.0218,6.89,0,2.204309019407351e-06
f,76,76,verwitwet,133287.0,76,1,70,0.0218,6.89,0,0.0016054958266106425
f,76,76,verwitwet_lp,31.0,76,1,70,0.0218,6.89,0,3.734075388067097e-07
f,77,77,geschieden,44568.0,77,1,70,0.0245,6.89,0,0.0005368395867592722
f,77,77,geschieden_lp,2.0,77,1,70,0.0245,6.89,0,2.4090808955271594e-08
f,77,77,ledig,17265.0,77,1,70,0.0245,6.89,0,0.00020796390830638204
f,77,77,verheiratet,241687.0,77,1,70,0.0245,6.89,1,0.002911217671986363
f,77,77,verheiratet_lp,204.0,77,1,70,0.0245,6.89,0,2.4572625134377026e-06
f,77,77,verwitwet,174834.0,77,1,70,0.0245,6.89,0,0.002105946246442977
f,77,77,verwitwet_lp,26.0,77,1,70,0.0245,6.89,0,3.1318051641853075e-07
f,78,78,geschieden,43500.0,78,1,70,0.0281,6.89,0,0.0005239750947771571
f,78,78,geschieden_lp,3.0,78,1,70,0.0281,6.89,0,3.6136213432907394e-08
f,78,78,ledig,18018.0,78,1,70,0.0281,6.89,0,0.0002170340978780418
f,78,78,verheiratet,235475.0,78,1,70,0.0281,6.89,1,0.0028363916193712892
f,78,78,verheiratet_lp,146.0,78,1,70,0.0281,6.89,0,1.7586290537348265e-06
f,78,78,verwitwet,199931.0,78,1,70,0.0281,6.89,0,0.0024082497626182024
f,78,78,verwitwet_lp,32.0,78,1,70,0.0281,6.89,0,3.854529432843455e-07
f,79,79,geschieden,39492.0,79,1,70,0.0329,6.89,0,0.0004756971136307929
f,79,79,geschieden_lp,4.0,79,1,70,0.0329,6.89,0,4.818161791054319e-08
f,79,79,ledig,17728.0,79,1,70,0.0329,6.89,0,0.0002135409305795274
f,79,79,verheiratet,215115.0,79,1,70,0.0329,6.89,1,0.0025911471842066246
f,79,79,verheiratet_lp,142.0,79,1,70,0.0329,6.89,0,1.7104474358242833e-06
f,79,79,verwitwet,208227.0,79,1,70,0.0329,6.89,0,0.0025081784381646693
f,79,79,verwitwet_lp,27.0,79,1,70,0.0329,6.89,0,3.2522592089616655e-07
f,80,80,geschieden,33847.0,80,1,70,0.0384,6.89,0,0.00040770080535453885
f,80,80,geschieden_lp,1.0,80,1,70,0.0384,6.89,0,1.2045404477635797e-08
f,80,80,ledig,16559.0,80,1,70,0.0384,6.89,0,0.00019945985274517116
f,80,80,verheiratet,179306.0,80,1,70,0.0384,6.89,1,0.002159813295266964
f,80,80,verheiratet_lp,94.0,80,1,70,0.0384,6.89,0,1.132268020897765e-06
f,80,80,verwitwet,205304.0,80,1,70,0.0384,6.89,0,0.0024729697208765397
f,80,80,verwitwet_lp,26.0,80,1,70,0.0384,6.89,0,3.1318051641853075e-07
f,81,81,geschieden,29067.0,81,1,70,0.0441,6.89,0,0.0003501237719514397
f,81,81,geschieden_lp,4.0,81,1,70,0.0441,6.89,0,4.818161791054319e-08
f,81,81,ledig,15623.0,81,1,70,0.0441,6.89,0,0.00018818535415410408
f,81,81,verheiratet,149211.0,81,1,70,0.0441,6.89,1,0.001797306847512515
f,81,81,verheiratet_lp,87.0,81,1,70,0.0441,6.89,0,1.0479501895543145e-06
f,81,81,verwitwet,199433.0,81,1,70,0.0441,6.89,0,0.00240225115118834
f,81,81,verwitwet_lp,10.0,81,1,70,0.0441,6.89,0,1.2045404477635798e-07
f,82,82,geschieden,24940.0,82,1,70,0.0503,6.89,0,0.00030041238767223677
f,82,82,geschieden_lp,1.0,82,1,70,0.0503,6.89,0,1.2045404477635797e-08
f,82,82,ledig,14777.0,82,1,70,0.0503,6.89,0,0.00017799494196602417
f,82,82,verheiratet,125448.0,82,1,70,0.0503,6.89,1,0.0015110719009104555
f,82,82,verheiratet_lp,77.0,82,1,70,0.0503,6.89,0,9.274961447779564e-07
f,82,82,verwitwet,200442.0,82,1,70,0.0503,6.89,0,0.0024144049643062744
f,82,82,verwitwet_lp,16.0,82,1,70,0.0503,6.89,0,1.9272647164217275e-07
f,83,83,geschieden,21349.0,83,1,70,0.0581,6.89,0,0.00025715734019304663
f,83,83,geschieden_lp,1.0,83,1,70,0.0581,6.89,0,1.2045404477635797e-08
f,83,83,ledig,14173.0,83,1,70,0.0581,6.89,0,0.00017071951766153216
f,83,83,verheiratet,102608.0,83,1,70,0.0581,6.89,1,0.0012359548626412538
f,83,83,verheiratet_lp,55.0,83,1,70,0.0581,6.89,0,6.624972462699689e-07
f,83,83,verwitwet,198151.0,83,1,70,0.0581,6.89,0,0.0023868089426480107
f,83,83,verwitwet_lp,13.0,83,1,70,0.0581,6.89,0,1.5659025820926538e-07
f,84,84,geschieden,17726.0,84,1,70,0.0672,6.89,0,0.00021351683977057214
f,84,84,geschieden_lp,1.0,84,1,70,0.0672,6.89,0,1.2045404477635797e-08
f,84,84,ledig,12717.0,84,1,70,0.0672,6.89,0,0.00015318140874209443
f,84,84,verheiratet,78771.0,84,1,70,0.0672,6.89,1,0.0009488285561078494
f,84,84,verheiratet_lp,66.0,84,1,70,0.0672,6.89,0,7.949966955239626e-07
f,84,84,verwitwet,184552.0,84,1,70,0.0672,6.89,0,0.0022230034871566417
f,84,84,verwitwet_lp,17.0,84,1,70,0.0672,6.89,0,2.0477187611980855e-07
f,85,100,geschieden,4935.25,85,16,70,0.0772,6.89,0,5.944708244825207e-05
f,85,100,geschieden_lp,0.3125,85,16,70,0.0772,6.89,0,3.764188899261187e-09
f,85,100,ledig,5446.0,85,16,70,0.0772,6.89,0,6.559927278520455e-05
f,85,100,verheiratet,13738.4375,85,16,70,0.0772,6.89,1,0.00016548503657821956
f,85,100,verheiratet_lp,12.1875,85,16,70,0.0772,6.89,0,1.468033670711863e-07
f,85,100,verwitwet,72086.6875,85,16,70,0.0772,6.89,0,0.0008683133083904324
f,85,100,verwitwet_lp,7.125,85,16,70,0.0772,6.89,0,8.582350690315506e-08
f,85,100,geschieden,4935.25,86,16,70,0.0889,6.89,0,5.944708244825207e-05
f,85,100,geschieden_lp,0.3125,86,16,70,0.0889,6.89,0,3.764188899261187e-09
f,85,100,ledig,5446.0,86,16,70,0.0889,6.89,0,6.559927278520455e-05
f,85,100,verheiratet,13738.4375,86,16,70,0.0889,6.89,1,0.00016548503657821956
f,85,100,verheiratet_lp,12.1875,86,16,70,0.0889,6.89,0,1.468033670711863e-07
f,85,100,verwitwet,72086.6875,86,16,70,0.0889,6.89,0,0.0008683133083904324
f,85,100,verwitwet_lp,7.125,86,16,70,0.0889,6.89,0,8.582350690315506e-08
f,85,100,geschieden,4935.25,87,16,70,0.1012,6.89,0,5.944708244825207e-05
f,85,100,geschieden_lp,0.3125,87,16,70,0.1012,6.89,0,3.764188899261187e-09
f,85,100,ledig,5446.0,87,16,70,0.1012,6.89,0,6.559927278520455e-05
f,85,100,verheiratet,13738.4375,87,16,70,0.1012,6.89,1,0.00016548503657821956
f,85,100,verheiratet_lp,12.1875,87,16,70,0.1012,6.89,0,1.468033670711863e-07
f,85,100,verwitwet,72086.6875,87,16,70,0.1012,6.89,0,0.0008683133083904324
f,85,100,verwitwet_lp,7.125,87,16,70,0.1012,6.89,0,8.582350690315506e-08
f,85,100,geschieden,4935.25,88,16,70,0.1148,6.89,0,5.944708244825207e-05
f,85,100,geschieden_lp,0.3125,88,16,70,0.1148,6.89,0,3.764188899261187e-09
f,85,100,ledig,5446.0,88,16,70,0.1148,6.89,0,6.559927278520455e-05
f,85,100,verheiratet,13738.4375,88,16,70,0.1148,6.89,1,0.00016548503657821956
f,85,100,verheiratet_lp,12.1875,88,16,70,0.1148,6.89,0,1.468033670711863e-07
f,85,100,verwitwet,72086.6875,88,16,70,0.1148,6.89,0,0.0008683133083904324
f,85,100,verwitwet_lp,7.125,88,16,70,0.1148,6.89,0,8.582350690315506e-08
f,85,100,geschieden,4935.25,89,16,70,0.1309,6.89,0,5.944708244825207e-05
f,85,100,geschieden_lp,0.3125,89,16,70,0.1309,6.89,0,3.764188899261187e-09
f,85,100,ledig,5446.0,89,16,70,0.1309,6.89,0,6.559927278520455e-05
f,85,100,verheiratet,13738.4375,89,16,70,0.1309,6.89,1,0.00016548503657821956
f,85,100,verheiratet_lp,12.1875,89,16,70,0.1309,6.89,0,1.468033670711863e-07
f,85,100,verwitwet,72086.6875,89,16,70,0.1309,6.89,0,0.0008683133083904324
f,85,100,verwitwet_lp,7.125,89,16,70,0.1309,6.89,0,8.582350690315506e-08
f,85,100,geschieden,4935.25,90,16,70,0.1479,6.89,0,5.944708244825207e-05
f,85,100,geschieden_lp,0.3125,90,16,70,0.1479,6.89,0,3.764188899261187e-09
f,85,100,ledig,5446.0,90,16,70,0.1479,6.89,0,6.559927278520455e-05
f,85,100,verheiratet,13738.4375,90,16,70,0.1479,6.89,1,0.00016548503657821956
f,85,100,verheiratet_lp,12.1875,90,16,70,0.1479,6.89,0,1.468033670711863e-07
f,85,100,verwitwet,72086.6875,90,16,70,0.1479,6.89,0,0.0008683133083904324
f,85,100,verwitwet_lp,7.125,90,16,70,0.1479,6.89,0,8.582350690315506e-08
f,85,100,geschieden,4935.25,91,16,70,0.1673,6.89,0,5.944708244825207e-05
f,85,100,geschieden_lp,0.3125,91,16,70,0.1673,6.89,0,3.764188899261187e-09
f,85,100,ledig,5446.0,91,16,70,0.1673,6.89,0,6.559927278520455e-05
f,85,100,verheiratet,13738.4375,91,16,70,0.1673,6.89,1,0.00016548503657821956
f,85,100,verheiratet_lp,12.1875,91,16,70,0.1673,6.89,0,1.468033670711863e-07
f,85,100,verwitwet,72086.6875,91,16,70,0.1673,6.89,0,0.0008683133083904324
f,85,100,verwitwet_lp,7.125,91,16,70,0.1673,6.89,0,8.582350690315506e-08
f,85,100,geschieden,4935.25,92,16,70,0.1876,6.89,0,5.944708244825207e-05
f,85,100,geschieden_lp,0.3125,92,16,70,0.1876,6.89,0,3.764188899261187e-09
f,85,100,ledig,5446.0,92,16,70,0.1876,6.89,0,6.559927278520455e-05
f,85,100,verheiratet,13738.4375,92,16,70,0.1876,6.89,1,0.00016548503657821956
f,85,100,verheiratet_lp,12.1875,92,16,70,0.1876,6.89,0,1.468033670711863e-07
f,85,100,verwitwet,72086.6875,92,16,70,0.1876,6.89,0,0.0008683133083904324
f,85,100,verwitwet_lp,7.125,92,16,70,0.1876,6.89,0,8.582350690315506e-08
f,85,100,geschieden,4935.25,93,16,70,0.2092,6.89,0,5.944708244825207e-05
f,85,100,geschieden_lp,0.3125,93,16,70,0.2092,6.89,0,3.764188899261187e-09
f,85,100,ledig,5446.0,93,16,70,0.2092,6.89,0,6.559927278520455e-05
f,85,100,verheiratet,13738.4375,93,16,70,0.2092,6.89,1,0.00016548503657821956
f,85,100,verheiratet_lp,12.1875,93,16,70,0.2092,6.89,0,1.468033670711863e-07
f,85,100,verwitwet,72086.6875,93,16,70,0.2092,6.89,0,0.0008683133083904324
f,85,100,verwitwet_lp,7.125,93,16,70,0.2092,6.89,0,8.582350690315506e-08
f,85,100,geschieden,4935.25,94,16,70,0.2352,6.89,0,5.944708244825207e-05
f,85,100,geschieden_lp,0.3125,94,16,70,0.2352,6.89,0,3.764188899261187e-09
f,85,100,ledig,5446.0,94,16,70,0.2352,6.89,0,6.559927278520455e-05
f,85,100,verheiratet,13738.4375,94,16,70,0.2352,6.89,1,0.00016548503657821956
f,85,100,verheiratet_lp,12.1875,94,16,70,0.2352,6.89,0,1.468033670711863e-07
f,85,100,verwitwet,72086.6875,94,16,70,0.2352,6.89,0,0.0008683133083904324
f,85,100,verwitwet_lp,7.125,94,16,70,0.2352,6.89,0,8.582350690315506e-08
f,85,100,geschieden,4935.25,95,16,70,0.249,6.89,0,5.944708244825207e-05
f,85,100,geschieden_lp,0.3125,95,16,70,0.249,6.89,0,3.764188899261187e-09
f,85,100,ledig,5446.0,95,16,70,0.249,6.89,0,6.559927278520455e-05
f,85,100,verheiratet,13738.4375,95,16,70,0.249,6.89,1,0.00016548503657821956
f,85,100,verheiratet_lp,12.1875,95,16,70,0.249,6.89,0,1.468033670711863e-07
f,85,100,verwitwet,72086.6875,95,16,70,0.249,6.89,0,0.0008683133083904324
f,85,100,verwitwet_lp,7.125,95,16,70,0.249,6.89,0,8.582350690315506e-08
f,85,100,geschieden,4935.25,96,16,70,0.2695,6.89,0,5.944708244825207e-05
f,85,100,geschieden_lp,0.3125,96,16,70,0.2695,6.89,0,3.764188899261187e-09
f,85,100,ledig,5446.0,96,16,70,0.2695,6.89,0,6.559927278520455e-05
f,85,100,verheiratet,13738.4375,96,16,70,0.2695,6.89,1,0.00016548503657821956
f,85,100,verheiratet_lp,12.1875,96,16,70,0.2695,6.89,0,1.468033670711863e-07
f,85,100,verwitwet,72086.6875,96,16,70,0.2695,6.89,0,0.0008683133083904324
f,85,100,verwitwet_lp,7.125,96,16,70,0.2695,6.89,0,8.582350690315506e-08
f,85,100,geschieden,4935.25,97,16,70,0.2771,6.89,0,5.944708244825207e-05
f,85,100,geschieden_lp,0.3125,97,16,70,0.2771,6.89,0,3.764188899261187e-09
f,85,100,ledig,5446.0,97,16,70,0.2771,6.89,0,6.559927278520455e-05
f,85,100,verheiratet,13738.4375,97,16,70,0.2771,6.89,1,0.00016548503657821956
f,85,100,verheiratet_lp,12.1875,97,16,70,0.2771,6.89,0,1.468033670711863e-07
f,85,100,verwitwet,72086.6875,97,16,70,0.2771,6.89,0,0.0008683133083904324
f,85,100,verwitwet_lp,7.125,97,16,70,0.2771,6.89,0,8.582350690315506e-08
f,85,100,geschieden,4935.25,98,16,70,0.3047,6.89,0,5.944708244825207e-05
f,85,100,geschieden_lp,0.3125,98,16,70,0.3047,6.89,0,3.764188899261187e-09
f,85,100,ledig,5446.0,98,16,70,0.3047,6.89,0,6.559927278520455e-05
f,85,100,verheiratet,13738.4375,98,16,70,0.3047,6.89,1,0.00016548503657821956
f,85,100,verheiratet_lp,12.1875,98,16,70,0.3047,6.89,0,1.468033670711863e-07
f,85,100,verwitwet,72086.6875,98,16,70,0.3047,6.89,0,0.0008683133083904324
f,85,100,verwitwet_lp,7.125,98,16,70,0.3047,6.89,0,8.582350690315506e-08
f,85,100,geschieden,4935.25,99,16,70,0.3305,6.89,0,5.944708244825207e-05
f,85,100,geschieden_lp,0.3125,99,16,70,0.3305,6.89,0,3.764188899261187e-09
f,85,100,ledig,5446.0,99,16,70,0.3305,6.89,0,6.559927278520455e-05
f,85,100,verheiratet,13738.4375,99,16,70,0.3305,6.89,1,0.00016548503657821956
f,85,100,verheiratet_lp,12.1875,99,16,70,0.3305,6.89,0,1.468033670711863e-07
f,85,100,verwitwet,72086.6875,99,16,70,0.3305,6.89,0,0.0008683133083904324
f,85,100,verwitwet_lp,7.125,99,16,70,0.3305,6.89,0,8.582350690315506e-08
f,85,100,geschieden,4935.25,100,16,70,0.3586,6.89,0,5.944708244825207e-05
f,85,100,geschieden_lp,0.3125,100,16,70,0.3586,6.89,0,3.764188899261187e-09
f,85,100,ledig,5446.0,100,16,70,0.3586,6.89,0,6.559927278520455e-05
f,85,100,verheiratet,13738.4375,100,16,70,0.3586,6.89,1,0.00016548503657821956
f,85,100,verheiratet_lp,12.1875,100,16,70,0.3586,6.89,0,1.468033670711863e-07
f,85,100,verwitwet,72086.6875,100,16,70,0.3586,6.89,0,0.0008683133083904324
f,85,100,verwitwet_lp,7.125,100,16,70,0.3586,6.89,0,8.582350690315506e-08
m,0,0,geschieden,0.0,0,1,0,0.0035,10.21,0,0.0
m,0,0,geschieden_lp,0.0,0,1,0,0.0035,10.21,0,0.0
m,0,0,ledig,402082.0,0,1,0,0.0035,10.21,0,0.004843240323176757
m,0,0,verheiratet,0.0,0,1,0,0.0035,10.21,1,0.0
m,0,0,verheiratet_lp,0.0,0,1,0,0.0035,10.21,0,0.0
m,0,0,verwitwet,0.0,0,1,0,0.0035,10.21,0,0.0
m,0,0,verwitwet_lp,0.0,0,1,0,0.0035,10.21,0,0.0
m,1,1,geschieden,0.0,1,1,0,0.0003,10.21,0,0.0
m,1,1,geschieden_lp,0.0,1,1,0,0.0003,10.21,0,0.0
m,1,1,ledig,408361.0,1,1,0,0.0003,10.21,0,0.004918873417891832
m,1,1,verheiratet,0.0,1,1,0,0.0003,10.21,1,0.0
m,1,1,verheiratet_lp,0.0,1,1,0,0.0003,10.21,0,0.0
m,1,1,verwitwet,0.0,1,1,0,0.0003,10.21,0,0.0
m,1,1,verwitwet_lp,0.0,1,1,0,0.0003,10.21,0,0.0
m,2,2,geschieden,0.0,2,1,0,0.0002,10.21,0,0.0
m,2,2,geschieden_lp,0.0,2,1,0,0.0002,10.21,0,0.0
m,2,2,ledig,410978.0,2,1,0,0.0002,10.21,0,0.004950396241409805
m,2,2,verheiratet,0.0,2,1,0,0.0002,10.21,1,0.0
m,2,2,verheiratet_lp,0.0,2,1,0,0.0002,10.21,0,0.0
m,2,2,verwitwet,0.0,2,1,0,0.0002,10.21,0,0.0
m,2,2,verwitwet_lp,0.0,2,1,0,0.0002,10.21,0,0.0
m,3,3,geschieden,0.0,3,1,0,0.0001,10.21,0,0.0
m,3,3,geschieden_lp,0.0,3,1,0,0.0001,10.21,0,0.0
m,3,3,ledig,398943.0,3,1,0,0.0001,10.21,0,0.004805429798521458
m,3,3,verheiratet,0.0,3,1,0,0.0001,10.21,1,0.0
m,3,3,verheiratet_lp,0.0,3,1,0,0.0001,10.21,0,0.0
m,3,3,verwitwet,0.0,3,1,0,0.0001,10.21,0,0.0
m,3,3,verwitwet_lp,0.0,3,1,0,0.0001,10.21,0,0.0
m,4,4,geschieden,0.0,4,1,0,0.0001,10.21,0,0.0
m,4,4,geschieden_lp,0.0,4,1,0,0.0001,10.21,0,0.0
m,4,4,ledig,393733.0,4,1,0,0.0001,10.21,0,0.0047426732411929755
m,4,4,verheiratet,0.0,4,1,0,0.0001,10.21,1,0.0
m,4,4,verheiratet_lp,0.0,4,1,0,0.0001,10.21,0,0.0
m,4,4,verwitwet,0.0,4,1,0,0.0001,10.21,0,0.0
m,4,4,verwitwet_lp,0.0,4,1,0,0.0001,10.21,0,0.0
m,5,5,geschieden,0.0,5,1,5,0.0001,14.81,0,0.0
m,5,5,geschieden_lp,0.0,5,1,5,0.0001,14.81,0,0.0
m,5,5,ledig,380099.0,5,1,5,0.0001,14.81,0,0.004578446196544889
m,5,5,verheiratet,0.0,5,1,5,0.0001,14.81,1,0.0
m,5,5,verheiratet_lp,0.0,5,1,5,0.0001,14.81,0,0.0
m,5,5,verwitwet,0.0,5,1,5,0.0001,14.81,0,0.0
m,5,5,verwitwet_lp,0.0,5,1,5,0.0001,14.81,0,0.0
m,6,6,geschieden,0.0,6,1,5,0.0001,14.81,0,0.0
m,6,6,geschieden_lp,0.0,6,1,5,0.0001,14.81,0,0.0
m,6,6,ledig,378881.0,6,1,5,0.0001,14.81,0,0.004563774893891128
m,6,6,verheiratet,0.0,6,1,5,0.0001,14.81,1,0.0
m,6,6,verheiratet_lp,0.0,6,1,5,0.0001,14.81,0,0.0
m,6,6,verwitwet,0.0,6,1,5,0.0001,14.81,0,0.0
m,6,6,verwitwet_lp,0.0,6,1,5,0.0001,14.81,0,0.0
m,7,7,geschieden,0.0,7,1,5,0.0001,14.81,0,0.0
m,7,7,geschieden_lp,0.0,7,1,5,0.0001,14.81,0,0.0
m,7,7,ledig,370192.0,7,1,5,0.0001,14.81,0,0.004459112374384951
m,7,7,verheiratet,0.0,7,1,5,0.0001,14.81,1,0.0
m,7,7,verheiratet_lp,0.0,7,1,5,0.0001,14.81,0,0.0
m,7,7,verwitwet,0.0,7,1,5,0.0001,14.81,0,0.0
m,7,7,verwitwet_lp,0.0,7,1,5,0.0001,14.81,0,0.0
m,8,8,geschieden,0.0,8,1,5,0.0001,14.81,0,0.0
m,8,8,geschieden_lp,0.0,8,1,5,0.0001,14.81,0,0.0
m,8,8,ledig,379116.0,8,1,5,0.0001,14.81,0,0.004566605563943373
m,8,8,verheiratet,0.0,8,1,5,0.0001,14.81,1,0.0
m,8,8,verheiratet_lp,0.0,8,1,5,0.0001,14.81,0,0.0
m,8,8,verwitwet,0.0,8,1,5,0.0001,14.81,0,0.0
m,8,8,verwitwet_lp,0.0,8,1,5,0.0001,14.81,0,0.0
m,9,9,geschieden,0.0,9,1,5,0.0001,14.81,0,0.0
m,9,9,geschieden_lp,0.0,9,1,5,0.0001,14.81,0,0.0
m,9,9,ledig,373887.0,9,1,5,0.0001,14.81,0,0.004503620143929815
m,9,9,verheiratet,0.0,9,1,5,0.0001,14.81,1,0.0
m,9,9,verheiratet_lp,0.0,9,1,5,0.0001,14.81,0,0.0
m,9,9,verwitwet,0.0,9,1,5,0.0001,14.81,0,0.0
m,9,9,verwitwet_lp,0.0,9,1,5,0.0001,14.81,0,0.0
m,10,10,geschieden,0.0,10,1,10,0.0001,18.22,0,0.0
m,10,10,geschieden_lp,0.0,10,1,10,0.0001,18.22,0,0.0
m,10,10,ledig,383341.0,10,1,10,0.0001,18.22,0,0.004617497397861384
m,10,10,verheiratet,0.0,10,1,10,0.0001,18.22,1,0.0
m,10,10,verheiratet_lp,0.0,10,1,10,0.0001,18.22,0,0.0
m,10,10,verwitwet,0.0,10,1,10,0.0001,18.22,0,0.0
m,10,10,verwitwet_lp,0.0,10,1,10,0.0001,18.22,0,0.0
m,11,11,geschieden,0.0,11,1,10,0.0001,18.22,0,0.0
m,11,11,geschieden_lp,0.0,11,1,10,0.0001,18.22,0,0.0
m,11,11,ledig,381581.0,11,1,10,0.0001,18.22,0,0.004596297485980745
m,11,11,verheiratet,0.0,11,1,10,0.0001,18.22,1,0.0
m,11,11,verheiratet_lp,0.0,11,1,10,0.0001,18.22,0,0.0
m,11,11,verwitwet,0.0,11,1,10,0.0001,18.22,0,0.0
m,11,11,verwitwet_lp,0.0,11,1,10,0.0001,18.22,0,0.0
m,12,12,geschieden,0.0,12,1,10,0.0001,18.22,0,0.0
m,12,12,geschieden_lp,0.0,12,1,10,0.0001,18.22,0,0.0
m,12,12,ledig,374579.0,12,1,10,0.0001,18.22,0,0.00451195556382834
m,12,12,verheiratet,0.0,12,1,10,0.0001,18.22,1,0.0
m,12,12,verheiratet_lp,0.0,12,1,10,0.0001,18.22,0,0.0
m,12,12,verwitwet,0.0,12,1,10,0.0001,18.22,0,0.0
m,12,12,verwitwet_lp,0.0,12,1,10,0.0001,18.22,0,0.0
m,13,13,geschieden,0.0,13,1,10,0.0001,18.22,0,0.0
m,13,13,geschieden_lp,0.0,13,1,10,0.0001,18.22,0,0.0
m,13,13,ledig,378368.0,13,1,10,0.0001,18.22,0,0.004557595601394101
m,13,13,verheiratet,0.0,13,1,10,0.0001,18.22,1,0.0
m,13,13,verheiratet_lp,0.0,13,1,10,0.0001,18.22,0,0.0
m,13,13,verwitwet,0.0,13,1,10,0.0001,18.22,0,0.0
m,13,13,verwitwet_lp,0.0,13,1,10,0.0001,18.22,0,0.0
m,14,14,geschieden,0.0,14,1,10,0.0001,18.22,0,0.0
m,14,14,geschieden_lp,0.0,14,1,10,0.0001,18.22,0,0.0
m,14,14,ledig,386561.0,14,1,10,0.0001,18.22,0,0.004656283600279371
m,14,14,verheiratet,0.0,14,1,10,0.0001,18.22,1,0.0
m,14,14,verheiratet_lp,0.0,14,1,10,0.0001,18.22,0,0.0
m,14,14,verwitwet,0.0,14,1,10,0.0001,18.22,0,0.0
m,14,14,verwitwet_lp,0.0,14,1,10,0.0001,18.22,0,0.0
m,15,15,geschieden,0.0,15,1,15,0.0002,17.58,0,0.0
m,15,15,geschieden_lp,0.0,15,1,15,0.0002,17.58,0,0.0
m,15,15,ledig,387438.0,15,1,15,0.0002,17.58,0,0.004666847420006258
m,15,15,verheiratet,0.0,15,1,15,0.0002,17.58,1,0.0
m,15,15,verheiratet_lp,0.0,15,1,15,0.0002,17.58,0,0.0
m,15,15,verwitwet,0.0,15,1,15,0.0002,17.58,0,0.0
m,15,15,verwitwet_lp,0.0,15,1,15,0.0002,17.58,0,0.0
m,16,16,geschieden,1.0,16,1,15,0.0003,17.58,0,1.2045404477635797e-08
m,16,16,geschieden_lp,0.0,16,1,15,0.0003,17.58,0,0.0
m,16,16,ledig,395929.0,16,1,15,0.0003,17.58,0,0.004769124949425864
m,16,16,verheiratet,3.0,16,1,15,0.0003,17.58,1,3.6136213432907394e-08
m,16,16,verheiratet_lp,0.0,16,1,15,0.0003,17.58,0,0.0
m,16,16,verwitwet,1.0,16,1,15,0.0003,17.58,0,1.2045404477635797e-08
m,16,16,verwitwet_lp,0.0,16,1,15,0.0003,17.58,0,0.0
m,17,17,geschieden,1.0,17,1,15,0.0003,17.58,0,1.2045404477635797e-08
m,17,17,geschieden_lp,0.0,17,1,15,0.0003,17.58,0,0.0
m,17,17,ledig,408860.0,17,1,15,0.0003,17.58,0,0.004924884074726172
m,17,17,verheiratet,7.0,17,1,15,0.0003,17.58,1,8.431783134345058e-08
m,17,17,verheiratet_lp,0.0,17,1,15,0.0003,17.58,0,0.0
m,17,17,verwitwet,0.0,17,1,15,0.0003,17.58,0,0.0
m,17,17,verwitwet_lp,1.0,17,1,15,0.0003,17.58,0,1.2045404477635797e-08
m,18,18,geschieden,4.0,18,1,15,0.0004,17.58,0,4.818161791054319e-08
m,18,18,geschieden_lp,0.0,18,1,15,0.0004,17.58,0,0.0
m,18,18,ledig,435815.0,18,1,15,0.0004,17.58,0,0.0052495679524208454
m,18,18,verheiratet,109.0,18,1,15,0.0004,17.58,1,1.312949088062302e-06
m,18,18,verheiratet_lp,0.0,18,1,15,0.0004,17.58,0,0.0
m,18,18,verwitwet,0.0,18,1,15,0.0004,17.58,0,0.0
m,18,18,verwitwet_lp,0.0,18,1,15,0.0004,17.58,0,0.0
m,19,19,geschieden,9.0,19,1,15,0.0004,17.58,0,1.0840864029872218e-07
m,19,19,geschieden_lp,1.0,19,1,15,0.0004,17.58,0,1.2045404477635797e-08
m,19,19,ledig,454013.0,19,1,15,0.0004,17.58,0,0.005468770223104861
m,19,19,verheiratet,500.0,19,1,15,0.0004,17.58,1,6.022702238817899e-06
m,19,19,verheiratet_lp,5.0,19,1,15,0.0004,17.58,0,6.022702238817899e-08
m,19,19,verwitwet,2.0,19,1,15,0.0004,17.58,0,2.4090808955271594e-08
m,19,19,verwitwet_lp,0.0,19,1,15,0.0004,17.58,0,0.0
m,20,20,geschieden,22.0,20,1,20,0.0005,13.57,0,2.6499889850798755e-07
m,20,20,geschieden_lp,1.0,20,1,20,0.0005,13.57,0,1.2045404477635797e-08
m,20,20,ledig,466469.0,20,1,20,0.0005,13.57,0,0.005618807781278293
m,20,20,verheiratet,1461.0,20,1,20,0.0005,13.57,1,1.75983359418259e-05
m,20,20,verheiratet_lp,10.0,20,1,20,0.0005,13.57,0,1.2045404477635798e-07
m,20,20,verwitwet,4.0,20,1,20,0.0005,13.57,0,4.818161791054319e-08
m,20,20,verwitwet_lp,0.0,20,1,20,0.0005,13.57,0,0.0
m,21,21,geschieden,74.0,21,1,20,0.0004,13.57,0,8.91359931345049e-07
m,21,21,geschieden_lp,6.0,21,1,20,0.0004,13.57,0,7.227242686581479e-08
m,21,21,ledig,487538.0,21,1,20,0.0004,13.57,0,0.0058725924082176015
m,21,21,verheiratet,3401.0,21,1,20,0.0004,13.57,1,4.096642062843935e-05
m,21,21,verheiratet_lp,34.0,21,1,20,0.0004,13.57,0,4.095437522396171e-07
m,21,21,verwitwet,4.0,21,1,20,0.0004,13.57,0,4.818161791054319e-08
m,21,21,verwitwet_lp,0.0,21,1,20,0.0004,13.57,0,0.0
m,22,22,geschieden,169.0,22,1,20,0.0005,13.57,0,2.0356733567204496e-06
m,22,22,geschieden_lp,11.0,22,1,20,0.0005,13.57,0,1.3249944925399378e-07
m,22,22,ledig,480087.0,22,1,20,0.0005,13.57,0,0.005782842099454737
m,22,22,verheiratet,6731.0,22,1,20,0.0005,13.57,1,8.107761753896655e-05
m,22,22,verheiratet_lp,41.0,22,1,20,0.0005,13.57,0,4.938615835830677e-07
m,22,22,verwitwet,6.0,22,1,20,0.0005,13.57,0,7.227242686581479e-08
m,22,22,verwitwet_lp,1.0,22,1,20,0.0005,13.57,0,1.2045404477635797e-08
m,23,23,geschieden,313.0,23,1,20,0.0005,13.57,0,3.7702116015000048e-06
m,23,23,geschieden_lp,14.0,23,1,20,0.0005,13.57,0,1.6863566268690115e-07
m,23,23,ledig,468171.0,23,1,20,0.0005,13.57,0,0.0056393090596992285
m,23,23,verheiratet,11761.0,23,1,20,0.0005,13.57,1,0.00014166600206147462
m,23,23,verheiratet_lp,78.0,23,1,20,0.0005,13.57,0,9.395415492555922e-07
m,23,23,verwitwet,28.0,23,1,20,0.0005,13.57,0,3.372713253738023e-07
m,23,23,verwitwet_lp,1.0,23,1,20,0.0005,13.57,0,1.2045404477635797e-08
m,24,24,geschieden,600.0,24,1,20,0.0005,13.57,0,7.227242686581478e-06
m,24,24,geschieden_lp,23.0,24,1,20,0.0005,13.57,0,2.7704430298562335e-07
m,24,24,ledig,468726.0,24,1,20,0.0005,13.57,0,0.005645994259184317
m,24,24,verheiratet,19063.0,24,1,20,0.0005,13.57,1,0.00022962154555717122
m,24,24,verheiratet_lp,138.0,24,1,20,0.0005,13.57,0,1.6622658179137401e-06
m,24,24,verwitwet,23.0,24,1,20,0.0005,13.57,0,2.7704430298562335e-07
m,24,24,verwitwet_lp,3.0,24,1,20,0.0005,13.57,0,3.6136213432907394e-08
m,25,25,geschieden,1077.0,25,1,20,0.0005,13.57,0,1.2972900622413754e-05
m,25,25,geschieden_lp,40.0,25,1,20,0.0005,13.57,0,4.818161791054319e-07
m,25,25,ledig,473307.0,25,1,20,0.0005,13.57,0,0.005701174257096367
m,25,25,verheiratet,29325.0,25,1,20,0.0005,13.57,1,0.00035323148630666976
m,25,25,verheiratet_lp,183.0,25,1,20,0.0005,13.57,0,2.204309019407351e-06
m,25,25,verwitwet,28.0,25,1,20,0.0005,13.57,0,3.372713253738023e-07
m,25,25,verwitwet_lp,0.0,25,1,20,0.0005,13.57,0,0.0
m,26,26,geschieden,1694.0,26,1,20,0.0005,13.57,0,2.0404915185115042e-05
m,26,26,geschieden_lp,42.0,26,1,20,0.0005,13.57,0,5.059069880607035e-07
m,26,26,ledig,465982.0,26,1,20,0.0005,13.57,0,0.005612941669297684
m,26,26,verheiratet,43858.0,26,1,20,0.0005,13.57,1,0.0005282873495801507
m,26,26,verheiratet_lp,271.0,26,1,20,0.0005,13.57,0,3.2643046134393013e-06
m,26,26,verwitwet,40.0,26,1,20,0.0005,13.57,0,4.818161791054319e-07
m,26,26,verwitwet_lp,5.0,26,1,20,0.0005,13.57,0,6.022702238817899e-08
m,27,27,geschieden,2658.0,27,1,20,0.0005,13.57,0,3.201668510155595e-05
m,27,27,geschieden_lp,91.0,27,1,20,0.0005,13.57,0,1.0961318074648577e-06
m,27,27,ledig,464468.0,27,1,20,0.0005,13.57,0,0.0055947049269185435
m,27,27,verheiratet,62405.0,27,1,20,0.0005,13.57,1,0.000751693466426862
m,27,27,verheiratet_lp,329.0,27,1,20,0.0005,13.57,0,3.962938073142177e-06
m,27,27,verwitwet,59.0,27,1,20,0.0005,13.57,0,7.106788641805121e-07
m,27,27,verwitwet_lp,6.0,27,1,20,0.0005,13.57,0,7.227242686581479e-08
m,28,28,geschieden,4085.0,28,1,20,0.0005,13.57,0,4.920547729114223e-05
m,28,28,geschieden_lp,115.0,28,1,20,0.0005,13.57,0,1.3852215149281167e-06
m,28,28,ledig,485717.0,28,1,20,0.0005,13.57,0,0.005850657726663827
m,28,28,verheiratet,89483.0,28,1,20,0.0005,13.57,1,0.0010778589288722841
m,28,28,verheiratet_lp,492.0,28,1,20,0.0005,13.57,0,5.926339002996812e-06
m,28,28,verwitwet,77.0,28,1,20,0.0005,13.57,0,9.274961447779564e-07
m,28,28,verwitwet_lp,9.0,28,1,20,0.0005,13.57,0,1.0840864029872218e-07
m,29,29,geschieden,5844.0,29,1,20,0.0006,13.57,0,7.03933437673036e-05
m,29,29,geschieden_lp,142.0,29,1,20,0.0006,13.57,0,1.7104474358242833e-06
m,29,29,ledig,450831.0,29,1,20,0.0006,13.57,0,0.005430441746057025
m,29,29,verheiratet,112638.0,29,1,20,0.0006,13.57,1,0.0013567702695519409
m,29,29,verheiratet_lp,523.0,29,1,20,0.0006,13.57,0,6.299746541803522e-06
m,29,29,verwitwet,107.0,29,1,20,0.0006,13.57,0,1.2888582791070303e-06
m,29,29,verwitwet_lp,5.0,29,1,20,0.0006,13.57,0,6.022702238817899e-08
m,30,30,geschieden,8062.0,30,1,30,0.0006,14.14,0,9.71100508986998e-05
m,30,30,geschieden_lp,179.0,30,1,30,0.0006,14.14,0,2.156127401496808e-06
m,30,30,ledig,434237.0,30,1,30,0.0006,14.14,0,0.0052305603041551355
m,30,30,verheiratet,140924.0,30,1,30,0.0006,14.14,1,0.001697486580606347
m,30,30,verheiratet_lp,665.0,30,1,30,0.0006,14.14,0,8.010193977627805e-06
m,30,30,verwitwet,125.0,30,1,30,0.0006,14.14,0,1.5056755597044748e-06
m,30,30,verwitwet_lp,6.0,30,1,30,0.0006,14.14,0,7.227242686581479e-08
m,31,31,geschieden,9849.0,31,1,30,0.0007,14.14,0,0.00011863518870023497
m,31,31,geschieden_lp,189.0,31,1,30,0.0007,14.14,0,2.2765814462731658e-06
m,31,31,ledig,396451.0,31,1,30,0.0007,14.14,0,0.00477541265056319
m,31,31,verheiratet,162924.0,31,1,30,0.0007,14.14,1,0.0019624854791143345
m,31,31,verheiratet_lp,660.0,31,1,30,0.0007,14.14,0,7.949966955239626e-06
m,31,31,verwitwet,180.0,31,1,30,0.0007,14.14,0,2.1681728059744434e-06
m,31,31,verwitwet_lp,6.0,31,1,30,0.0007,14.14,0,7.227242686581479e-08
m,32,32,geschieden,12196.0,32,1,30,0.0007,14.14,0,0.00014690575300924617
m,32,32,geschieden_lp,213.0,32,1,30,0.0007,14.14,0,2.565671153736425e-06
m,32,32,ledig,362424.0,32,1,30,0.0007,14.14,0,0.0043655436724026764
m,32,32,verheiratet,181092.0,32,1,30,0.0007,14.14,1,0.002181326387664022
m,32,32,verheiratet_lp,809.0,32,1,30,0.0007,14.14,0,9.74473222240736e-06
m,32,32,verwitwet,209.0,32,1,30,0.0007,14.14,0,2.5174895358258816e-06
m,32,32,verwitwet_lp,8.0,32,1,30,0.0007,14.14,0,9.636323582108638e-08
m,33,33,geschieden,14461.0,33,1,30,0.0007,14.14,0,0.00017418859415109126
m,33,33,geschieden_lp,240.0,33,1,30,0.0007,14.14,0,2.890897074632591e-06
m,33,33,ledig,328647.0,33,1,30,0.0007,14.14,0,0.003958686045361572
m,33,33,verheiratet,194456.0,33,1,30,0.0007,14.14,1,0.0023423011731031466
m,33,33,verheiratet_lp,845.0,33,1,30,0.0007,14.14,0,1.0178366783602249e-05
m,33,33,verwitwet,273.0,33,1,30,0.0007,14.14,0,3.2883954223945728e-06
m,33,33,verwitwet_lp,22.0,33,1,30,0.0007,14.14,0,2.6499889850798755e-07
m,34,34,geschieden,17023.0,34,1,30,0.0008,14.14,0,0.00020504892042279418
m,34,34,geschieden_lp,247.0,34,1,30,0.0008,14.14,0,2.975214905976042e-06
m,34,34,ledig,305174.0,34,1,30,0.0008,14.14,0,0.0036759442660580267
m,34,34,verheiratet,210072.0,34,1,30,0.0008,14.14,1,0.0025304022094259073
m,34,34,verheiratet_lp,871.0,34,1,30,0.0008,14.14,0,1.0491547300020779e-05
m,34,34,verwitwet,323.0,34,1,30,0.0008,14.14,0,3.890665646276362e-06
m,34,34,verwitwet_lp,19.0,34,1,30,0.0008,14.14,0,2.2886268507508015e-07
m,35,35,geschieden,20043.0,35,1,30,0.0009,14.14,0,0.00024142604194525428
m,35,35,geschieden_lp,288.0,35,1,30,0.0009,14.14,0,3.4690764895591096e-06
m,35,35,ledig,284995.0,35,1,30,0.0009,14.14,0,0.003432880049103814
m,35,35,verheiratet,226140.0,35,1,30,0.0009,14.14,1,0.0027239477685725593
m,35,35,verheiratet_lp,963.0,35,1,30,0.0009,14.14,0,1.1599724511963274e-05
m,35,35,verwitwet,345.0,35,1,30,0.0009,14.14,0,4.15566454478435e-06
m,35,35,verwitwet_lp,20.0,35,1,30,0.0009,14.14,0,2.4090808955271595e-07
m,36,36,geschieden,23657.0,36,1,30,0.0009,14.14,0,0.00028495813372743004
m,36,36,geschieden_lp,327.0,36,1,30,0.0009,14.14,0,3.938847264186906e-06
m,36,36,ledig,272326.0,36,1,30,0.0009,14.14,0,0.0032802768197766462
m,36,36,verheiratet,244287.0,36,1,30,0.0009,14.14,1,0.002942535723628216
m,36,36,verheiratet_lp,1021.0,36,1,30,0.0009,14.14,0,1.2298357971666149e-05
m,36,36,verwitwet,408.0,36,1,30,0.0009,14.14,0,4.914525026875405e-06
m,36,36,verwitwet_lp,27.0,36,1,30,0.0009,14.14,0,3.2522592089616655e-07
m,37,37,geschieden,26885.0,37,1,30,0.0009,14.14,0,0.0003238406993812384
m,37,37,geschieden_lp,329.0,37,1,30,0.0009,14.14,0,3.962938073142177e-06
m,37,37,ledig,250172.0,37,1,30,0.0009,14.14,0,0.003013422928979103
m,37,37,verheiratet,255149.0,37,1,30,0.0009,14.14,1,0.003073372907064296
m,37,37,verheiratet_lp,1126.0,37,1,30,0.0009,14.14,0,1.3563125441817909e-05
m,37,37,verwitwet,471.0,37,1,30,0.0009,14.14,0,5.6733855089664605e-06
m,37,37,verwitwet_lp,31.0,37,1,30,0.0009,14.14,0,3.734075388067097e-07
m,38,38,geschieden,29857.0,38,1,30,0.001,14.14,0,0.000359639641488772
m,38,38,geschieden_lp,345.0,38,1,30,0.001,14.14,0,4.15566454478435e-06
m,38,38,ledig,236554.0,38,1,30,0.001,14.14,0,0.0028493886108026585
m,38,38,verheiratet,266877.0,38,1,30,0.001,14.14,1,0.0032146414107780087
m,38,38,verheiratet_lp,1205.0,38,1,30,0.001,14.14,0,1.4514712395551137e-05
m,38,38,verwitwet,569.0,38,1,30,0.001,14.14,0,6.853835147774768e-06
m,38,38,verwitwet_lp,33.0,38,1,30,0.001,14.14,0,3.974983477619813e-07
m,39,39,geschieden,31941.0,39,1,30,0.0011,14.14,0,0.000384742264420165
m,39,39,geschieden_lp,352.0,39,1,30,0.0011,14.14,0,4.239982376127801e-06
m,39,39,ledig,210195.0,39,1,30,0.0011,14.14,0,0.0025318837941766563
m,39,39,verheiratet,264412.0,39,1,30,0.0011,14.14,1,0.0031849494887406364
m,39,39,verheiratet_lp,1289.0,39,1,30,0.0011,14.14,0,1.5526526371672544e-05
m,39,39,verwitwet,637.0,39,1,30,0.0011,14.14,0,7.672922652254003e-06
m,39,39,verwitwet_lp,41.0,39,1,30,0.0011,14.14,0,4.938615835830677e-07
m,40,40,geschieden,34790.0,40,1,40,0.0013,13.83,0,0.00041905962177694937
m,40,40,geschieden_lp,365.0,40,1,40,0.0013,13.83,0,4.396572634337066e-06
m,40,40,ledig,195620.0,40,1,40,0.0013,13.83,0,0.002356322023915115
m,40,40,verheiratet,268978.0,40,1,40,0.0013,13.83,1,0.0032399488055855213
m,40,40,verheiratet_lp,1282.0,40,1,40,0.0013,13.83,0,1.544220854032909e-05
m,40,40,verwitwet,778.0,40,1,40,0.0013,13.83,0,9.37132468360065e-06
m,40,40,verwitwet_lp,34.0,40,1,40,0.0013,13.83,0,4.095437522396171e-07
m,41,41,geschieden,37740.0,41,1,40,0.0013,13.83,0,0.000454593564985975
m,41,41,geschieden_lp,316.0,41,1,40,0.0013,13.83,0,3.806347814932912e-06
m,41,41,ledig,183745.0,41,1,40,0.0013,13.83,0,0.0022132828457431895
m,41,41,verheiratet,273425.0,41,1,40,0.0013,13.83,1,0.003293514719297568
m,41,41,verheiratet_lp,1316.0,41,1,40,0.0013,13.83,0,1.585175229256871e-05
m,41,41,verwitwet,828.0,41,1,40,0.0013,13.83,0,9.97359490748244e-06
m,41,41,verwitwet_lp,39.0,41,1,40,0.0013,13.83,0,4.697707746277961e-07
m,42,42,geschieden,39848.0,42,1,40,0.0015,13.83,0,0.00047998527762483127
m,42,42,geschieden_lp,311.0,42,1,40,0.0015,13.83,0,3.746120792544733e-06
m,42,42,ledig,168571.0,42,1,40,0.0015,13.83,0,0.002030505878199544
m,42,42,verheiratet,275131.0,42,1,40,0.0015,13.83,1,0.0033140641793364145
m,42,42,verheiratet_lp,1333.0,42,1,40,0.0015,13.83,0,1.605652416868852e-05
m,42,42,verwitwet,953.0,42,1,40,0.0015,13.83,0,1.1479270467186916e-05
m,42,42,verwitwet_lp,48.0,42,1,40,0.0015,13.83,0,5.781794149265183e-07
m,43,43,geschieden,41762.0,43,1,40,0.0016,13.83,0,0.0005030401817950261
m,43,43,geschieden_lp,310.0,43,1,40,0.0016,13.83,0,3.7340753880670973e-06
m,43,43,ledig,156753.0,43,1,40,0.0016,13.83,0,0.001888153288082844
m,43,43,verheiratet,273618.0,43,1,40,0.0016,13.83,1,0.0032958394823617517
m,43,43,verheiratet_lp,1164.0,43,1,40,0.0016,13.83,0,1.4020850811968068e-05
m,43,43,verwitwet,1059.0,43,1,40,0.0016,13.83,0,1.2756083341816309e-05
m,43,43,verwitwet_lp,32.0,43,1,40,0.0016,13.83,0,3.854529432843455e-07
m,44,44,geschieden,45214.0,44,1,40,0.0018,13.83,0,0.000544620918051825
m,44,44,geschieden_lp,285.0,44,1,40,0.0018,13.83,0,3.432940276126202e-06
m,44,44,ledig,150736.0,44,1,40,0.0018,13.83,0,0.0018156760893409095
m,44,44,verheiratet,280093.0,44,1,40,0.0018,13.83,1,0.0033738334763544434
m,44,44,verheiratet_lp,1190.0,44,1,40,0.0018,13.83,0,1.4334031328386598e-05
m,44,44,verwitwet,1254.0,44,1,40,0.0018,13.83,0,1.510493721495529e-05
m,44,44,verwitwet_lp,37.0,44,1,40,0.0018,13.83,0,4.456799656725245e-07
m,45,45,geschieden,47646.0,45,1,40,0.002,13.83,0,0.0005739153417414352
m,45,45,geschieden_lp,256.0,45,1,40,0.002,13.83,0,3.083623546274764e-06
m,45,45,ledig,144769.0,45,1,40,0.002,13.83,0,0.0017438011608228567
m,45,45,verheiratet,286054.0,45,1,40,0.002,13.83,1,0.0034456361324456306
m,45,45,verheiratet_lp,1187.0,45,1,40,0.002,13.83,0,1.4297895114953691e-05
m,45,45,verwitwet,1398.0,45,1,40,0.002,13.83,0,1.6839475459734845e-05
m,45,45,verwitwet_lp,35.0,45,1,40,0.002,13.83,0,4.215891567172529e-07
m,46,46,geschieden,55723.0,46,1,40,0.0022,13.83,0,0.0006712060737072995
m,46,46,geschieden_lp,300.0,46,1,40,0.0022,13.83,0,3.613621343290739e-06
m,46,46,ledig,151477.0,46,1,40,0.0022,13.83,0,0.0018246017340588377
m,46,46,verheiratet,311844.0,46,1,40,0.0022,13.83,1,0.0037562871139238574
m,46,46,verheiratet_lp,1244.0,46,1,40,0.0022,13.83,0,1.4984483170178931e-05
m,46,46,verwitwet,1756.0,46,1,40,0.0022,13.83,0,2.115173026272846e-05
m,46,46,verwitwet_lp,54.0,46,1,40,0.0022,13.83,0,6.504518417923331e-07
m,47,47,geschieden,64479.0,47,1,40,0.0025,13.83,0,0.0007766756353134786
m,47,47,geschieden_lp,294.0,47,1,40,0.0025,13.83,0,3.5413489164249245e-06
m,47,47,ledig,161005.0,47,1,40,0.0025,13.83,0,0.0019393703479217515
m,47,47,verheiratet,344689.0,47,1,40,0.0025,13.83,1,0.004151918423991805
m,47,47,verheiratet_lp,1491.0,47,1,40,0.0025,13.83,0,1.7959698076154975e-05
m,47,47,verwitwet,2294.0,47,1,40,0.0025,13.83,0,2.763215787169652e-05
m,47,47,verwitwet_lp,56.0,47,1,40,0.0025,13.83,0,6.745426507476046e-07
m,48,48,geschieden,70070.0,48,1,40,0.0028,13.83,0,0.0008440214917479404
m,48,48,geschieden_lp,280.0,48,1,40,0.0028,13.83,0,3.3727132537380232e-06
m,48,48,ledig,161222.0,48,1,40,0.0028,13.83,0,0.0019419842006933984
m,48,48,verheiratet,358833.0,48,1,40,0.0028,13.83,1,0.004322288624923486
m,48,48,verheiratet_lp,1574.0,48,1,40,0.0028,13.83,0,1.8959466647798744e-05
m,48,48,verwitwet,2745.0,48,1,40,0.0028,13.83,0,3.3064635291110266e-05
m,48,48,verwitwet_lp,59.0,48,1,40,0.0028,13.83,0,7.106788641805121e-07
m,49,49,geschieden,79337.0,49,1,40,0.0031,13.83,0,0.0009556462550421912
m,49,49,geschieden_lp,305.0,49,1,40,0.0031,13.83,0,3.6738483656789184e-06
m,49,49,ledig,165226.0,49,1,40,0.0031,13.83,0,0.001990214000221852
m,49,49,verheiratet,389504.0,49,1,40,0.0031,13.83,1,0.004691733225657054
m,49,49,verheiratet_lp,1692.0,49,1,40,0.0031,13.83,0,2.0380824376159768e-05
m,49,49,verwitwet,3254.0,49,1,40,0.0031,13.83,0,3.9195746170226884e-05
m,49,49,verwitwet_lp,65.0,49,1,40,0.0031,13.83,0,7.829512910463269e-07
m,50,50,geschieden,86410.0,50,1,50,0.0035,12.3,0,0.0010408434009125092
m,50,50,geschieden_lp,321.0,50,1,50,0.0035,12.3,0,3.866574837321091e-06
m,50,50,ledig,166538.0,50,1,50,0.0035,12.3,0,0.0020060175708965103
m,50,50,verheiratet,409469.0,50,1,50,0.0035,12.3,1,0.004932219726053053
m,50,50,verheiratet_lp,1796.0,50,1,50,0.0035,12.3,0,2.163354644183389e-05
m,50,50,verwitwet,3894.0,50,1,50,0.0035,12.3,0,4.6904805035913796e-05
m,50,50,verwitwet_lp,76.0,50,1,50,0.0035,12.3,0,9.154507403003206e-07
m,51,51,geschieden,92025.0,51,1,50,0.0039,12.3,0,0.0011084783470544342
m,51,51,geschieden_lp,284.0,51,1,50,0.0039,12.3,0,3.4208948716485666e-06
m,51,51,ledig,161874.0,51,1,50,0.0039,12.3,0,0.001949837804412817
m,51,51,verheiratet,423622.0,51,1,50,0.0039,12.3,1,0.005102698335625031
m,51,51,verheiratet_lp,1736.0,51,1,50,0.0039,12.3,0,2.0910822173175744e-05
m,51,51,verwitwet,4599.0,51,1,50,0.0039,12.3,0,5.539681519264703e-05
m,51,51,verwitwet_lp,88.0,51,1,50,0.0039,12.3,0,1.0599955940319502e-06
m,52,52,geschieden,97977.0,52,1,50,0.0044,12.3,0,0.0011801725945053225
m,52,52,geschieden_lp,270.0,52,1,50,0.0044,12.3,0,3.2522592089616653e-06
m,52,52,ledig,156146.0,52,1,50,0.0044,12.3,0,0.0018808417275649192
m,52,52,verheiratet,439650.0,52,1,50,0.0044,12.3,1,0.0052957620785925785
m,52,52,verheiratet_lp,1798.0,52,1,50,0.0044,12.3,0,2.1657637250789165e-05
m,52,52,verwitwet,5376.0,52,1,50,0.0044,12.3,0,6.475609447177005e-05
m,52,52,verwitwet_lp,75.0,52,1,50,0.0044,12.3,0,9.034053358226848e-07
m,53,53,geschieden,101043.0,53,1,50,0.005,12.3,0,0.001217103804633754
m,53,53,geschieden_lp,249.0,53,1,50,0.005,12.3,0,2.9993057149313136e-06
m,53,53,ledig,147641.0,53,1,50,0.005,12.3,0,0.0017783955624826268
m,53,53,verheiratet,446348.0,53,1,50,0.005,12.3,1,0.005376442197783783
m,53,53,verheiratet_lp,1754.0,53,1,50,0.005,12.3,0,2.112763945377319e-05
m,53,53,verwitwet,5977.0,53,1,50,0.005,12.3,0,7.199538256282916e-05
m,53,53,verwitwet_lp,96.0,53,1,50,0.005,12.3,0,1.1563588298530366e-06
m,54,54,geschieden,105600.0,54,1,50,0.0056,12.3,0,0.0012719947128383403
m,54,54,geschieden_lp,243.0,54,1,50,0.0056,12.3,0,2.9270332880654987e-06
m,54,54,ledig,141320.0,54,1,50,0.0056,12.3,0,0.0017022565607794909
m,54,54,verheiratet,457172.0,54,1,50,0.0056,12.3,1,0.0055068216558497125
m,54,54,verheiratet_lp,1666.0,54,1,50,0.0056,12.3,0,2.006764385974124e-05
m,54,54,verwitwet,7008.0,54,1,50,0.0056,12.3,0,8.441419457927166e-05
m,54,54,verwitwet_lp,81.0,54,1,50,0.0056,12.3,0,9.756777626884996e-07
m,55,55,geschieden,105455.0,55,1,50,0.0061,12.3,0,0.001270248129189083
m,55,55,geschieden_lp,223.0,55,1,50,0.0061,12.3,0,2.686125198512783e-06
m,55,55,ledig,130060.0,55,1,50,0.0061,12.3,0,0.0015666253063613118
m,55,55,verheiratet,458815.0,55,1,50,0.0061,12.3,1,0.005526612255406469
m,55,55,verheiratet_lp,1522.0,55,1,50,0.0061,12.3,0,1.8333105614961684e-05
m,55,55,verwitwet,7808.0,55,1,50,0.0061,12.3,0,9.405051816138031e-05
m,55,55,verwitwet_lp,94.0,55,1,50,0.0061,12.3,0,1.132268020897765e-06
m,56,56,geschieden,102351.0,56,1,50,0.0068,12.3,0,0.0012328591936905016
m,56,56,geschieden_lp,183.0,56,1,50,0.0068,12.3,0,2.204309019407351e-06
m,56,56,ledig,117650.0,56,1,50,0.0068,12.3,0,0.0014171418367938515
m,56,56,verheiratet,447174.0,56,1,50,0.0068,12.3,1,0.00538639170188231
m,56,56,verheiratet_lp,1374.0,56,1,50,0.0068,12.3,0,1.6550385752271586e-05
m,56,56,verwitwet,8716.0,56,1,50,0.0068,12.3,0,0.00010498774542707361
m,56,56,verwitwet_lp,91.0,56,1,50,0.0068,12.3,0,1.0961318074648577e-06
m,57,57,geschieden,100566.0,57,1,50,0.0075,12.3,0,0.0012113581466979217
m,57,57,geschieden_lp,179.0,57,1,50,0.0075,12.3,0,2.156127401496808e-06
m,57,57,ledig,108100.0,57,1,50,0.0075,12.3,0,0.0013021082240324297
m,57,57,verheiratet,442752.0,57,1,50,0.0075,12.3,1,0.005333126923282205
m,57,57,verheiratet_lp,1362.0,57,1,50,0.0075,12.3,0,1.6405840898539958e-05
m,57,57,verwitwet,9604.0,57,1,50,0.0075,12.3,0,0.0001156840646032142
m,57,57,verwitwet_lp,81.0,57,1,50,0.0075,12.3,0,9.756777626884996e-07
m,58,58,geschieden,95082.0,58,1,50,0.0084,12.3,0,0.001145301148542567
m,58,58,geschieden_lp,145.0,58,1,50,0.0084,12.3,0,1.7465836492571906e-06
m,58,58,ledig,97755.0,58,1,50,0.0084,12.3,0,0.0011774985147112874
m,58,58,verheiratet,432390.0,58,1,50,0.0084,12.3,1,0.005208312442084942
m,58,58,verheiratet_lp,1145.0,58,1,50,0.0084,12.3,0,1.3791988126892988e-05
m,58,58,verwitwet,10469.0,58,1,50,0.0084,12.3,0,0.00012610333947636916
m,58,58,verwitwet_lp,96.0,58,1,50,0.0084,12.3,0,1.1563588298530366e-06
m,59,59,geschieden,91205.0,59,1,50,0.0093,12.3,0,0.0010986011153827728
m,59,59,geschieden_lp,123.0,59,1,50,0.0093,12.3,0,1.481584750749203e-06
m,59,59,ledig,87932.0,59,1,50,0.0093,12.3,0,0.001059176506527471
m,59,59,verheiratet,424675.0,59,1,50,0.0093,12.3,1,0.005115382146539982
m,59,59,verheiratet_lp,1000.0,59,1,50,0.0093,12.3,0,1.2045404477635798e-05
m,59,59,verwitwet,11437.0,59,1,50,0.0093,12.3,0,0.00013776329101072062
m,59,59,verwitwet_lp,60.0,59,1,50,0.0093,12.3,0,7.227242686581478e-07
m,60,60,geschieden,83303.0,60,1,60,0.01,9.21,0,0.0010034183292004948
m,60,60,geschieden_lp,111.0,60,1,60,0.01,9.21,0,1.3370398970175735e-06
m,60,60,ledig,77425.0,60,1,60,0.01,9.21,0,0.0009326154416809516
m,60,60,verheiratet,404975.0,60,1,60,0.01,9.21,1,0.004878087678330557
m,60,60,verheiratet_lp,871.0,60,1,60,0.01,9.21,0,1.0491547300020779e-05
m,60,60,verwitwet,11930.0,60,1,60,0.01,9.21,0,0.00014370167541819507
m,60,60,verwitwet_lp,74.0,60,1,60,0.01,9.21,0,8.91359931345049e-07
m,61,61,geschieden,78904.0,61,1,60,0.011000000000000001,9.21,0,0.000950430594903375
m,61,61,geschieden_lp,88.0,61,1,60,0.011000000000000001,9.21,0,1.0599955940319502e-06
m,61,61,ledig,69604.0,61,1,60,0.011000000000000001,9.21,0,0.000838408333261362
m,61,61,verheiratet,398422.0,61,1,60,0.011000000000000001,9.21,1,0.00479915414278861
m,61,61,verheiratet_lp,782.0,61,1,60,0.011000000000000001,9.21,0,9.419506301511193e-06
m,61,61,verwitwet,13085.0,61,1,60,0.011000000000000001,9.21,0,0.0001576141175898644
m,61,61,verwitwet_lp,64.0,61,1,60,0.011000000000000001,9.21,0,7.70905886568691e-07
m,62,62,geschieden,73401.0,62,1,60,0.0121,9.21,0,0.0008841447340629452
m,62,62,geschieden_lp,76.0,62,1,60,0.0121,9.21,0,9.154507403003206e-07
m,62,62,ledig,62353.0,62,1,60,0.0121,9.21,0,0.0007510671053940249
m,62,62,verheiratet,389690.0,62,1,60,0.0121,9.21,1,0.004693973670889894
m,62,62,verheiratet_lp,742.0,62,1,60,0.0121,9.21,0,8.937690122405761e-06
m,62,62,verwitwet,14005.0,62,1,60,0.0121,9.21,0,0.00016869588970928935
m,62,62,verwitwet_lp,78.0,62,1,60,0.0121,9.21,0,9.395415492555922e-07
m,63,63,geschieden,67624.0,63,1,60,0.0131,9.21,0,0.0008145584323956431
m,63,63,geschieden_lp,55.0,63,1,60,0.0131,9.21,0,6.624972462699689e-07
m,63,63,ledig,55622.0,63,1,60,0.0131,9.21,0,0.0006699894878550583
m,63,63,verheiratet,377850.0,63,1,60,0.0131,9.21,1,0.004551356081874686
m,63,63,verheiratet_lp,655.0,63,1,60,0.0131,9.21,0,7.889739932851447e-06
m,63,63,verwitwet,15076.0,63,1,60,0.0131,9.21,0,0.00018159651790483728
m,63,63,verwitwet_lp,66.0,63,1,60,0.0131,9.21,0,7.949966955239626e-07
m,64,64,geschieden,63282.0,64,1,60,0.0143,9.21,0,0.0007622572861537485
m,64,64,geschieden_lp,66.0,64,1,60,0.0143,9.21,0,7.949966955239626e-07
m,64,64,ledig,49718.0,64,1,60,0.0143,9.21,0,0.0005988734198190966
m,64,64,verheiratet,368727.0,64,1,60,0.0143,9.21,1,0.004441465856825214
m,64,64,verheiratet_lp,603.0,64,1,60,0.0143,9.21,0,7.263378900014386e-06
m,64,64,verwitwet,16337.0,64,1,60,0.0143,9.21,0,0.00019678577295113603
m,64,64,verwitwet_lp,61.0,64,1,60,0.0143,9.21,0,7.347696731357837e-07
m,65,65,geschieden,58407.0,65,1,60,0.0154,9.21,0,0.0007035359393252741
m,65,65,geschieden_lp,60.0,65,1,60,0.0154,9.21,0,7.227242686581478e-07
m,65,65,ledig,44199.0,65,1,60,0.0154,9.21,0,0.0005323948325070246
m,65,65,verheiratet,356120.0,65,1,60,0.0154,9.21,1,0.00428960944257566
m,65,65,verheiratet_lp,568.0,65,1,60,0.0154,9.21,0,6.841789743297133e-06
m,65,65,verwitwet,17006.0,65,1,60,0.0154,9.21,0,0.00020484414854667437
m,65,65,verwitwet_lp,59.0,65,1,60,0.0154,9.21,0,7.106788641805121e-07
m,66,66,geschieden,55031.0,66,1,60,0.0163,9.21,0,0.0006628706538087755
m,66,66,geschieden_lp,35.0,66,1,60,0.0163,9.21,0,4.215891567172529e-07
m,66,66,ledig,40223.0,66,1,60,0.0163,9.21,0,0.00048450230430394466
m,66,66,verheiratet,356438.0,66,1,60,0.0163,9.21,1,0.004293439881199549
m,66,66,verheiratet_lp,556.0,66,1,60,0.0163,9.21,0,6.6972448895655035e-06
m,66,66,verwitwet,18727.0,66,1,60,0.0163,9.21,0,0.00022557428965268558
m,66,66,verwitwet_lp,67.0,66,1,60,0.0163,9.21,0,8.070421000015985e-07
m,67,67,geschieden,51438.0,67,1,60,0.018000000000000002,9.21,0,0.0006195915155206302
m,67,67,geschieden_lp,45.0,67,1,60,0.018000000000000002,9.21,0,5.420432014936109e-07
m,67,67,ledig,36133.0,67,1,60,0.018000000000000002,9.21,0,0.00043523659999041426
m,67,67,verheiratet,349006.0,67,1,60,0.018000000000000002,9.21,1,0.004203918435121759
m,67,67,verheiratet_lp,524.0,67,1,60,0.018000000000000002,9.21,0,6.311791946281158e-06
m,67,67,verwitwet,19878.0,67,1,60,0.018000000000000002,9.21,0,0.0002394385502064444
m,67,67,verwitwet_lp,59.0,67,1,60,0.018000000000000002,9.21,0,7.106788641805121e-07
m,68,68,geschieden,48419.0,68,1,60,0.0187,9.21,0,0.0005832264394026477
m,68,68,geschieden_lp,38.0,68,1,60,0.0187,9.21,0,4.577253701501603e-07
m,68,68,ledig,33478.0,68,1,60,0.0187,9.21,0,0.00040325605110229124
m,68,68,verheiratet,348188.0,68,1,60,0.0187,9.21,1,0.004194065294259053
m,68,68,verheiratet_lp,498.0,68,1,60,0.0187,9.21,0,5.998611429862627e-06
m,68,68,verwitwet,22175.0,68,1,60,0.0187,9.21,0,0.0002671068442915738
m,68,68,verwitwet_lp,77.0,68,1,60,0.0187,9.21,0,9.274961447779564e-07
m,69,69,geschieden,44537.0,69,1,60,0.0206,9.21,0,0.0005364661792204655
m,69,69,geschieden_lp,36.0,69,1,60,0.0206,9.21,0,4.336345611948887e-07
m,69,69,ledig,29205.0,69,1,60,0.0206,9.21,0,0.00035178603776935344
m,69,69,verheiratet,336751.0,69,1,60,0.0206,9.21,1,0.0040563020032483325
m,69,69,verheiratet_lp,478.0,69,1,60,0.0206,9.21,0,5.757703340309911e-06
m,69,69,verwitwet,23134.0,69,1,60,0.0206,9.21,0,0.00027865838718562654
m,69,69,verwitwet_lp,41.0,69,1,60,0.0206,9.21,0,4.938615835830677e-07
m,70,70,geschieden,39203.0,70,1,70,0.0224,6.89,0,0.00047221599173675614
m,70,70,geschieden_lp,25.0,70,1,70,0.0224,6.89,0,3.0113511194089495e-07
m,70,70,ledig,24557.0,70,1,70,0.0224,6.89,0,0.0002957989977573023
m,70,70,verheiratet,305803.0,70,1,70,0.0224,6.89,1,0.0036835208254744596
m,70,70,verheiratet_lp,384.0,70,1,70,0.0224,6.89,0,4.6254353194121464e-06
m,70,70,verwitwet,22788.0,70,1,70,0.0224,6.89,0,0.00027449067723636455
m,70,70,verwitwet_lp,71.0,70,1,70,0.0224,6.89,0,8.552237179121417e-07
m,71,71,geschieden,34629.0,71,1,70,0.0244,6.89,0,0.00041712031165605
m,71,71,geschieden_lp,24.0,71,1,70,0.0244,6.89,0,2.8908970746325915e-07
m,71,71,ledig,20860.0,71,1,70,0.0244,6.89,0,0.00025126713740348275
m,71,71,verheiratet,283472.0,71,1,70,0.0244,6.89,1,0.0034145348980843745
m,71,71,verheiratet_lp,354.0,71,1,70,0.0244,6.89,0,4.264073185083072e-06
m,71,71,verwitwet,23173.0,71,1,70,0.0244,6.89,0,0.0002791281579602543
m,71,71,verwitwet_lp,43.0,71,1,70,0.0244,6.89,0,5.179523925383393e-07
m,72,72,geschieden,28517.0,72,1,70,0.0261,6.89,0,0.00034349879948874005
m,72,72,geschieden_lp,19.0,72,1,70,0.0261,6.89,0,2.2886268507508015e-07
m,72,72,ledig,17336.0,72,1,70,0.0261,6.89,0,0.00020881913202429417
m,72,72,verheiratet,241800.0,72,1,70,0.0261,6.89,1,0.0029125788026923356
m,72,72,verheiratet_lp,348.0,72,1,70,0.0261,6.89,0,4.191800758217258e-06
m,72,72,verwitwet,21764.0,72,1,70,0.0261,6.89,0,0.0002621561830512655
m,72,72,verwitwet_lp,71.0,72,1,70,0.0261,6.89,0,8.552237179121417e-07
m,73,73,geschieden,23367.0,73,1,70,0.0283,6.89,0,0.00028146496642891567
m,73,73,geschieden_lp,19.0,73,1,70,0.0283,6.89,0,2.2886268507508015e-07
m,73,73,ledig,14257.0,73,1,70,0.0283,6.89,0,0.00017173133163765356
m,73,73,verheiratet,206164.0,73,1,70,0.0283,6.89,1,0.0024833287687273066
m,73,73,verheiratet_lp,334.0,73,1,70,0.0283,6.89,0,4.023165095530356e-06
m,73,73,verwitwet,20839.0,73,1,70,0.0283,6.89,0,0.00025101418390945237
m,73,73,verwitwet_lp,76.0,73,1,70,0.0283,6.89,0,9.154507403003206e-07
m,74,74,geschieden,28783.0,74,1,70,0.0309,6.89,0,0.0003467028770797912
m,74,74,geschieden_lp,21.0,74,1,70,0.0309,6.89,0,2.5295349403035175e-07
m,74,74,ledig,17641.0,74,1,70,0.0309,6.89,0,0.00021249298038997311
m,74,74,verheiratet,272677.0,74,1,70,0.0309,6.89,1,0.003284504756748296
m,74,74,verheiratet_lp,485.0,74,1,70,0.0309,6.89,0,5.842021171653361e-06
m,74,74,verwitwet,29885.0,74,1,70,0.0309,6.89,0,0.0003599769128141458
m,74,74,verwitwet_lp,97.0,74,1,70,0.0309,6.89,0,1.1684042343306724e-06
m,75,75,geschieden,27316.0,75,1,70,0.034,6.89,0,0.0003290322687110994
m,75,75,geschieden_lp,20.0,75,1,70,0.034,6.89,0,2.4090808955271595e-07
m,75,75,ledig,17083.0,75,1,70,0.034,6.89,0,0.00020577164469145231
m,75,75,verheiratet,270571.0,75,1,70,0.034,6.89,1,0.0032591371349183955
m,75,75,verheiratet_lp,372.0,75,1,70,0.034,6.89,0,4.480890465680517e-06
m,75,75,verwitwet,33035.0,75,1,70,0.034,6.89,0,0.00039791993691869854
m,75,75,verwitwet_lp,71.0,75,1,70,0.034,6.89,0,8.552237179121417e-07
m,76,76,geschieden,24506.0,76,1,70,0.0376,6.89,0,0.00029518468212894283
m,76,76,geschieden_lp,18.0,76,1,70,0.0376,6.89,0,2.1681728059744435e-07
m,76,76,ledig,15860.0,76,1,70,0.0376,6.89,0,0.00019104011501530375
m,76,76,verheiratet,254563.0,76,1,70,0.0376,6.89,1,0.0030663143000404015
m,76,76,verheiratet_lp,314.0,76,1,70,0.0376,6.89,0,3.7822570059776403e-06
m,76,76,verwitwet,34455.0,76,1,70,0.0376,6.89,0,0.0004150244112769414
m,76,76,verwitwet_lp,66.0,76,1,70,0.0376,6.89,0,7.949966955239626e-07
m,77,77,geschieden,26639.0,77,1,70,0.0413,6.89,0,0.00032087752987974003
m,77,77,geschieden_lp,26.0,77,1,70,0.0413,6.89,0,3.1318051641853075e-07
m,77,77,ledig,18054.0,77,1,70,0.0413,6.89,0,0.0002174677324392367
m,77,77,verheiratet,296723.0,77,1,70,0.0413,6.89,1,0.0035741485528175266
m,77,77,verheiratet_lp,391.0,77,1,70,0.0413,6.89,0,4.7097531507555965e-06
m,77,77,verwitwet,44552.0,77,1,70,0.0413,6.89,0,0.0005366468602876301
m,77,77,verwitwet_lp,86.0,77,1,70,0.0413,6.89,0,1.0359047850766785e-06
m,78,78,geschieden,24254.0,78,1,70,0.0462,6.89,0,0.0002921492402005786
m,78,78,geschieden_lp,15.0,78,1,70,0.0462,6.89,0,1.8068106716453695e-07
m,78,78,ledig,17439.0,78,1,70,0.0462,6.89,0,0.00021005980868549066
m,78,78,verheiratet,298181.0,78,1,70,0.0462,6.89,1,0.00359171075254592
m,78,78,verheiratet_lp,314.0,78,1,70,0.0462,6.89,0,3.7822570059776403e-06
m,78,78,verwitwet,50213.0,78,1,70,0.0462,6.89,0,0.0006048358950355263
m,78,78,verwitwet_lp,83.0,78,1,70,0.0462,6.89,0,9.997685716437713e-07
m,79,79,geschieden,21708.0,79,1,70,0.0523,6.89,0,0.00026148164040051787
m,79,79,geschieden_lp,12.0,79,1,70,0.0523,6.89,0,1.4454485373162958e-07
m,79,79,ledig,15329.0,79,1,70,0.0523,6.89,0,0.00018464400523767914
m,79,79,verheiratet,279963.0,79,1,70,0.0523,6.89,1,0.003372267573772351
m,79,79,verheiratet_lp,233.0,79,1,70,0.0523,6.89,0,2.8065792432891408e-06
m,79,79,verwitwet,51092.0,79,1,70,0.0523,6.89,0,0.0006154238055713681
m,79,79,verwitwet_lp,54.0,79,1,70,0.0523,6.89,0,6.504518417923331e-07
m,80,80,geschieden,17609.0,80,1,70,0.0586,6.89,0,0.00021210752744668876
m,80,80,geschieden_lp,6.0,80,1,70,0.0586,6.89,0,7.227242686581479e-08
m,80,80,ledig,12715.0,80,1,70,0.0586,6.89,0,0.00015315731793313916
m,80,80,verheiratet,245511.0,80,1,70,0.0586,6.89,1,0.002957279298708842
m,80,80,verheiratet_lp,190.0,80,1,70,0.0586,6.89,0,2.2886268507508013e-06
m,80,80,verwitwet,50030.0,80,1,70,0.0586,6.89,0,0.0006026315860161189
m,80,80,verwitwet_lp,32.0,80,1,70,0.0586,6.89,0,3.854529432843455e-07
m,81,81,geschieden,14054.0,81,1,70,0.0665,6.89,0,0.0001692861145286935
m,81,81,geschieden_lp,8.0,81,1,70,0.0665,6.89,0,9.636323582108638e-08
m,81,81,ledig,10429.0,81,1,70,0.0665,6.89,0,0.00012562152329726373
m,81,81,verheiratet,212741.0,81,1,70,0.0665,6.89,1,0.0025625513939767173
m,81,81,verheiratet_lp,149.0,81,1,70,0.0665,6.89,0,1.7947652671677338e-06
m,81,81,verwitwet,48559.0,81,1,70,0.0665,6.89,0,0.0005849127960295166
m,81,81,verwitwet_lp,35.0,81,1,70,0.0665,6.89,0,4.215891567172529e-07
m,82,82,geschieden,11811.0,82,1,70,0.0748,6.89,0,0.0001422682722853564
m,82,82,geschieden_lp,4.0,82,1,70,0.0748,6.89,0,4.818161791054319e-08
m,82,82,ledig,8837.0,82,1,70,0.0748,6.89,0,0.00010644523936886754
m,82,82,verheiratet,187780.0,82,1,70,0.0748,6.89,1,0.00226188605281045
m,82,82,verheiratet_lp,131.0,82,1,70,0.0748,6.89,0,1.5779479865702895e-06
m,82,82,verwitwet,48260.0,82,1,70,0.0748,6.89,0,0.0005813112200907036
m,82,82,verwitwet_lp,33.0,82,1,70,0.0748,6.89,0,3.974983477619813e-07
m,83,83,geschieden,9655.0,83,1,70,0.0848,6.89,0,0.00011629838023157362
m,83,83,geschieden_lp,4.0,83,1,70,0.0848,6.89,0,4.818161791054319e-08
m,83,83,ledig,7118.0,83,1,70,0.0848,6.89,0,8.57391890718116e-05
m,83,83,verheiratet,163021.0,83,1,70,0.0848,6.89,1,0.001963653883348665
m,83,83,verheiratet_lp,85.0,83,1,70,0.0848,6.89,0,1.0238593805990428e-06
m,83,83,verwitwet,47309.0,83,1,70,0.0848,6.89,0,0.0005698560404324719
m,83,83,verwitwet_lp,23.0,83,1,70,0.0848,6.89,0,2.7704430298562335e-07
m,84,84,geschieden,7494.0,84,1,70,0.0953,6.89,0,9.026826115540267e-05
m,84,84,geschieden_lp,5.0,84,1,70,0.0953,6.89,0,6.022702238817899e-08
m,84,84,ledig,5568.0,84,1,70,0.0953,6.89,0,6.706881213147613e-05
m,84,84,verheiratet,133725.0,84,1,70,0.0953,6.89,1,0.001610771713771847
m,84,84,verheiratet_lp,71.0,84,1,70,0.0953,6.89,0,8.552237179121417e-07
m,84,84,verwitwet,44103.0,84,1,70,0.0953,6.89,0,0.0005312384736771716
m,84,84,verwitwet_lp,19.0,84,1,70,0.0953,6.89,0,2.2886268507508015e-07
m,85,100,geschieden,1361.9375,85,16,70,0.1075,6.89,0,1.6405088060760103e-05
m,85,100,geschieden_lp,0.1875,85,16,70,0.1075,6.89,0,2.258513339556712e-09
m,85,100,ledig,1118.5,85,16,70,0.1075,6.89,0,1.347278490823564e-05
m,85,100,verheiratet,27034.6875,85,16,70,0.1075,6.89,1,0.00032564374586398453
m,85,100,verheiratet_lp,15.125,85,16,70,0.1075,6.89,0,1.8218674272424145e-07
m,85,100,verwitwet,16581.9375,85,16,70,0.1075,6.89,0,0.00019973614421037693
m,85,100,verwitwet_lp,5.9375,85,16,70,0.1075,6.89,0,7.151958908596254e-08
m,85,100,geschieden,1361.9375,86,16,70,0.12,6.89,0,1.6405088060760103e-05
m,85,100,geschieden_lp,0.1875,86,16,70,0.12,6.89,0,2.258513339556712e-09
m,85,100,ledig,1118.5,86,16,70,0.12,6.89,0,1.347278490823564e-05
m,85,100,verheiratet,27034.6875,86,16,70,0.12,6.89,1,0.00032564374586398453
m,85,100,verheiratet_lp,15.125,86,16,70,0.12,6.89,0,1.8218674272424145e-07
m,85,100,verwitwet,16581.9375,86,16,70,0.12,6.89,0,0.00019973614421037693
m,85,100,verwitwet_lp,5.9375,86,16,70,0.12,6.89,0,7.151958908596254e-08
m,85,100,geschieden,1361.9375,87,16,70,0.133,6.89,0,1.6405088060760103e-05
m,85,100,geschieden_lp,0.1875,87,16,70,0.133,6.89,0,2.258513339556712e-09
m,85,100,ledig,1118.5,87,16,70,0.133,6.89,0,1.347278490823564e-05
m,85,100,verheiratet,27034.6875,87,16,70,0.133,6.89,1,0.00032564374586398453
m,85,100,verheiratet_lp,15.125,87,16,70,0.133,6.89,0,1.8218674272424145e-07
m,85,100,verwitwet,16581.9375,87,16,70,0.133,6.89,0,0.00019973614421037693
m,85,100,verwitwet_lp,5.9375,87,16,70,0.133,6.89,0,7.151958908596254e-08
m,85,100,geschieden,1361.9375,88,16,70,0.1475,6.89,0,1.6405088060760103e-05
m,85,100,geschieden_lp,0.1875,88,16,70,0.1475,6.89,0,2.258513339556712e-09
m,85,100,ledig,1118.5,88,16,70,0.1475,6.89,0,1.347278490823564e-05
m,85,100,verheiratet,27034.6875,88,16,70,0.1475,6.89,1,0.00032564374586398453
m,85,100,verheiratet_lp,15.125,88,16,70,0.1475,6.89,0,1.8218674272424145e-07
m,85,100,verwitwet,16581.9375,88,16,70,0.1475,6.89,0,0.00019973614421037693
m,85,100,verwitwet_lp,5.9375,88,16,70,0.1475,6.89,0,7.151958908596254e-08
m,85,100,geschieden,1361.9375,89,16,70,0.1624,6.89,0,1.6405088060760103e-05
m,85,100,geschieden_lp,0.1875,89,16,70,0.1624,6.89,0,2.258513339556712e-09
m,85,100,ledig,1118.5,89,16,70,0.1624,6.89,0,1.347278490823564e-05
m,85,100,verheiratet,27034.6875,89,16,70,0.1624,6.89,1,0.00032564374586398453
m,85,100,verheiratet_lp,15.125,89,16,70,0.1624,6.89,0,1.8218674272424145e-07
m,85,100,verwitwet,16581.9375,89,16,70,0.1624,6.89,0,0.00019973614421037693
m,85,100,verwitwet_lp,5.9375,89,16,70,0.1624,6.89,0,7.151958908596254e-08
m,85,100,geschieden,1361.9375,90,16,70,0.1796,6.89,0,1.6405088060760103e-05
m,85,100,geschieden_lp,0.1875,90,16,70,0.1796,6.89,0,2.258513339556712e-09
m,85,100,ledig,1118.5,90,16,70,0.1796,6.89,0,1.347278490823564e-05
m,85,100,verheiratet,27034.6875,90,16,70,0.1796,6.89,1,0.00032564374586398453
m,85,100,verheiratet_lp,15.125,90,16,70,0.1796,6.89,0,1.8218674272424145e-07
m,85,100,verwitwet,16581.9375,90,16,70,0.1796,6.89,0,0.00019973614421037693
m,85,100,verwitwet_lp,5.9375,90,16,70,0.1796,6.89,0,7.151958908596254e-08
m,85,100,geschieden,1361.9375,91,16,70,0.2024,6.89,0,1.6405088060760103e-05
m,85,100,geschieden_lp,0.1875,91,16,70,0.2024,6.89,0,2.258513339556712e-09
m,85,100,ledig,1118.5,91,16,70,0.2024,6.89,0,1.347278490823564e-05
m,85,100,verheiratet,27034.6875,91,16,70,0.2024,6.89,1,0.00032564374586398453
m,85,100,verheiratet_lp,15.125,91,16,70,0.2024,6.89,0,1.8218674272424145e-07
m,85,100,verwitwet,16581.9375,91,16,70,0.2024,6.89,0,0.00019973614421037693
m,85,100,verwitwet_lp,5.9375,91,16,70,0.2024,6.89,0,7.151958908596254e-08
m,85,100,geschieden,1361.9375,92,16,70,0.2242,6.89,0,1.6405088060760103e-05
m,85,100,geschieden_lp,0.1875,92,16,70,0.2242,6.89,0,2.258513339556712e-09
m,85,100,ledig,1118.5,92,16,70,0.2242,6.89,0,1.347278490823564e-05
m,85,100,verheiratet,27034.6875,92,16,70,0.2242,6.89,1,0.00032564374586398453
m,85,100,verheiratet_lp,15.125,92,16,70,0.2242,6.89,0,1.8218674272424145e-07
m,85,100,verwitwet,16581.9375,92,16,70,0.2242,6.89,0,0.00019973614421037693
m,85,100,verwitwet_lp,5.9375,92,16,70,0.2242,6.89,0,7.151958908596254e-08
m,85,100,geschieden,1361.9375,93,16,70,0.2438,6.89,0,1.6405088060760103e-05
m,85,100,geschieden_lp,0.1875,93,16,70,0.2438,6.89,0,2.258513339556712e-09
m,85,100,ledig,1118.5,93,16,70,0.2438,6.89,0,1.347278490823564e-05
m,85,100,verheiratet,27034.6875,93,16,70,0.2438,6.89,1,0.00032564374586398453
m,85,100,verheiratet_lp,15.125,93,16,70,0.2438,6.89,0,1.8218674272424145e-07
m,85,100,verwitwet,16581.9375,93,16,70,0.2438,6.89,0,0.00019973614421037693
m,85,100,verwitwet_lp,5.9375,93,16,70,0.2438,6.89,0,7.151958908596254e-08
m,85,100,geschieden,1361.9375,94,16,70,0.2735,6.89,0,1.6405088060760103e-05
m,85,100,geschieden_lp,0.1875,94,16,70,0.2735,6.89,0,2.258513339556712e-09
m,85,100,ledig,1118.5,94,16,70,0.2735,6.89,0,1.347278490823564e-05
m,85,100,verheiratet,27034.6875,94,16,70,0.2735,6.89,1,0.00032564374586398453
m,85,100,verheiratet_lp,15.125,94,16,70,0.2735,6.89,0,1.8218674272424145e-07
m,85,100,verwitwet,16581.9375,94,16,70,0.2735,6.89,0,0.00019973614421037693
m,85,100,verwitwet_lp,5.9375,94,16,70,0.2735,6.89,0,7.151958908596254e-08
m,85,100,geschieden,1361.9375,95,16,70,0.2859,6.89,0,1.6405088060760103e-05
m,85,100,geschieden_lp,0.1875,95,16,70,0.2859,6.89,0,2.258513339556712e-09
m,85,100,ledig,1118.5,95,16,70,0.2859,6.89,0,1.347278490823564e-05
m,85,100,verheiratet,27034.6875,95,16,70,0.2859,6.89,1,0.00032564374586398453
m,85,100,verheiratet_lp,15.125,95,16,70,0.2859,6.89,0,1.8218674272424145e-07
m,85,100,verwitwet,16581.9375,95,16,70,0.2859,6.89,0,0.00019973614421037693
m,85,100,verwitwet_lp,5.9375,95,16,70,0.2859,6.89,0,7.151958908596254e-08
m,85,100,geschieden,1361.9375,96,16,70,0.3126,6.89,0,1.6405088060760103e-05
m,85,100,geschieden_lp,0.1875,96,16,70,0.3126,6.89,0,2.258513339556712e-09
m,85,100,ledig,1118.5,96,16,70,0.3126,6.89,0,1.347278490823564e-05
m,85,100,verheiratet,27034.6875,96,16,70,0.3126,6.89,1,0.00032564374586398453
m,85,100,verheiratet_lp,15.125,96,16,70,0.3126,6.89,0,1.8218674272424145e-07
m,85,100,verwitwet,16581.9375,96,16,70,0.3126,6.89,0,0.00019973614421037693
m,85,100,verwitwet_lp,5.9375,96,16,70,0.3126,6.89,0,7.151958908596254e-08
m,85,100,geschieden,1361.9375,97,16,70,0.33799999999999997,6.89,0,1.6405088060760103e-05
m,85,100,geschieden_lp,0.1875,97,16,70,0.33799999999999997,6.89,0,2.258513339556712e-09
m,85,100,ledig,1118.5,97,16,70,0.33799999999999997,6.89,0,1.347278490823564e-05
m,85,100,verheiratet,27034.6875,97,16,70,0.33799999999999997,6.89,1,0.00032564374586398453
m,85,100,verheiratet_lp,15.125,97,16,70,0.33799999999999997,6.89,0,1.8218674272424145e-07
m,85,100,verwitwet,16581.9375,97,16,70,0.33799999999999997,6.89,0,0.00019973614421037693
m,85,100,verwitwet_lp,5.9375,97,16,70,0.33799999999999997,6.89,0,7.151958908596254e-08
m,85,100,geschieden,1361.9375,98,16,70,0.3616,6.89,0,1.6405088060760103e-05
m,85,100,geschieden_lp,0.1875,98,16,70,0.3616,6.89,0,2.258513339556712e-09
m,85,100,ledig,1118.5,98,16,70,0.3616,6.89,0,1.347278490823564e-05
m,85,100,verheiratet,27034.6875,98,16,70,0.3616,6.89,1,0.00032564374586398453
m,85,100,verheiratet_lp,15.125,98,16,70,0.3616,6.89,0,1.8218674272424145e-07
m,85,100,verwitwet,16581.9375,98,16,70,0.3616,6.89,0,0.00019973614421037693
m,85,100,verwitwet_lp,5.9375,98,16,70,0.3616,6.89,0,7.151958908596254e-08
m,85,100,geschieden,1361.9375,99,16,70,0.3847,6.89,0,1.6405088060760103e-05
m,85,100,geschieden_lp,0.1875,99,16,70,0.3847,6.89,0,2.258513339556712e-09
m,85,100,ledig,1118.5,99,16,70,0.3847,6.89,0,1.347278490823564e-05
m,85,100,verheiratet,27034.6875,99,16,70,0.3847,6.89,1,0.00032564374586398453
m,85,100,verheiratet_lp,15.125,99,16,70,0.3847,6.89,0,1.8218674272424145e-07
m,85,100,verwitwet,16581.9375,99,16,70,0.3847,6.89,0,0.00019973614421037693
m,85,100,verwitwet_lp,5.9375,99,16,70,0.3847,6.89,0,7.151958908596254e-08
m,85,100,geschieden,1361.9375,100,16,70,0.4072,6.89,0,1.6405088060760103e-05
m,85,100,geschieden_lp,0.1875,100,16,70,0.4072,6.89,0,2.258513339556712e-09
m,85,100,ledig,1118.5,100,16,70,0.4072,6.89,0,1.347278490823564e-05
m,85,100,verheiratet,27034.6875,100,16,70,0.4072,6.89,1,0.00032564374586398453
m,85,100,verheiratet_lp,15.125,100,16,70,0.4072,6.89,0,1.8218674272424145e-07
m,85,100,verwitwet,16581.9375,100,16,70,0.4072,6.89,0,0.00019973614421037693
m,85,100,verwitwet_lp,5.9375,100,16,70,0.4072,6.89,0,7.151958908596254e-08
